# Blender 4.2.11 LTS
# www.blender.org
mtllib desk.mtl
o Desk_low_Cube.019
v -1.348972 1.593568 -0.750494
v -1.309263 1.593568 -0.758394
v 1.309263 1.593568 -0.758394
v 1.348972 1.593568 -0.750496
v 1.382635 1.593568 -0.728003
v 1.405126 1.593568 -0.694340
v 1.413026 1.593568 -0.654632
v 1.405126 1.593568 -0.614924
v 1.382635 1.593568 -0.581261
v 1.348972 1.593568 -0.558768
v -1.382635 1.593568 -0.581261
v -1.405128 1.593568 -0.614924
v -1.348972 1.593568 -0.558768
v -1.309263 1.593568 -0.550869
v 1.309263 1.593568 -0.550869
v 1.269555 1.593568 -0.558768
v 1.235892 1.593568 -0.581261
v -1.413026 1.593568 -0.654632
v 1.213401 1.593568 -0.614924
v -1.405128 1.593568 -0.694340
v -1.382635 1.593568 -0.728003
v -1.235892 1.593568 -0.581261
v -1.235892 1.593568 -0.728003
v 1.205501 1.593568 -0.654632
v -1.205501 1.593568 -0.654632
v -1.213401 1.593568 -0.614924
v -1.213401 1.593568 -0.694340
v -1.269555 1.593568 -0.558768
v -1.269555 1.593568 -0.750494
v 1.235892 1.593568 -0.728003
v 1.269555 1.593568 -0.750496
v 1.213401 1.593568 -0.694340
v -1.348972 1.601635 -0.750494
v -1.348972 1.676143 -0.750496
v -1.309263 1.601635 -0.758394
v -1.309263 1.676143 -0.758394
v -1.382635 1.676143 -0.581261
v -1.405126 1.676143 -0.614924
v -1.348972 1.676143 -0.558768
v -1.309263 1.676143 -0.550869
v 1.309263 1.601635 -0.758394
v 1.309263 1.676143 -0.758394
v 1.348972 1.601635 -0.750496
v 1.348972 1.676143 -0.750496
v 1.382635 1.601635 -0.728003
v 1.382635 1.676143 -0.728003
v 1.405126 1.601635 -0.694340
v 1.405126 1.676143 -0.694340
v -1.413026 1.676143 -0.654632
v -1.405126 1.676143 -0.694340
v 1.413026 1.601635 -0.654632
v 1.413026 1.676143 -0.654632
v -1.382635 1.676143 -0.728003
v -1.235892 1.676143 -0.581261
v -1.235892 1.676143 -0.728003
v 1.205501 1.676143 -0.654632
v -1.205501 1.676143 -0.654632
v -1.213399 1.676143 -0.694340
v -1.213399 1.676143 -0.614924
v -1.269555 1.676143 -0.558768
v -1.269555 1.676143 -0.750496
v 1.235892 1.676143 -0.581261
v 1.309263 1.676143 -0.550869
v 1.269555 1.676143 -0.750496
v 1.269555 1.676143 -0.558768
v 1.235892 1.676143 -0.728003
v 1.382635 1.676143 -0.581261
v 1.405126 1.676143 -0.614924
v 1.405126 1.601635 -0.614924
v 1.348972 1.676143 -0.558768
v 1.213401 1.676143 -0.614924
v 1.213401 1.676143 -0.694340
v 1.382635 1.601635 -0.581261
v 1.348972 1.601635 -0.558768
v -1.382635 1.601635 -0.581261
v -1.405128 1.601635 -0.614924
v -1.348972 1.601635 -0.558768
v -1.309263 1.601635 -0.550869
v 1.309263 1.601635 -0.550869
v 1.269555 1.601635 -0.558768
v 1.235892 1.601635 -0.581261
v -1.413026 1.601635 -0.654632
v 1.213401 1.601635 -0.614924
v -1.405128 1.601635 -0.694340
v -1.382635 1.601635 -0.728003
v -1.235892 1.601635 -0.581261
v -1.235892 1.601635 -0.728003
v 1.205501 1.601635 -0.654632
v -1.205501 1.601635 -0.654632
v -1.213401 1.601635 -0.614924
v -1.213401 1.601635 -0.694340
v -1.269555 1.601635 -0.558768
v -1.269555 1.601635 -0.750494
v 1.235892 1.601635 -0.728003
v 1.269555 1.601635 -0.750496
v 1.213401 1.601635 -0.694340
v -1.783868 1.599916 0.829349
v -1.923108 1.595906 0.682735
v -1.931355 1.603925 0.683003
v -1.927231 1.596980 0.682869
v -1.930249 1.599916 0.682967
v -1.803150 1.603925 0.829192
v -1.802610 1.596980 0.825096
v -1.803006 1.599916 0.828094
v -1.819929 1.595906 0.817447
v -1.822066 1.603925 0.825430
v -1.820997 1.596980 0.821438
v -1.821779 1.599916 0.824360
v -1.837168 1.595906 0.811594
v -1.840330 1.603925 0.819231
v -1.838749 1.596980 0.815412
v -1.839908 1.599916 0.818208
v -1.853496 1.595906 0.803542
v -1.857629 1.603925 0.810699
v -1.855563 1.596980 0.807122
v -1.857076 1.599916 0.809740
v -1.868636 1.595906 0.793427
v -1.873666 1.603925 0.799984
v -1.871150 1.596980 0.796705
v -1.872993 1.599916 0.799106
v -1.882323 1.595906 0.781424
v -1.888167 1.603925 0.787266
v -1.885246 1.596980 0.784345
v -1.887385 1.599916 0.786484
v -1.894329 1.595906 0.767734
v -1.900883 1.603925 0.772765
v -1.897607 1.596980 0.770249
v -1.900006 1.599916 0.772092
v -1.904443 1.595906 0.752597
v -1.911600 1.603925 0.756728
v -1.908022 1.596980 0.754663
v -1.910641 1.599916 0.756175
v -1.912495 1.595906 0.736267
v -1.920131 1.603925 0.739429
v -1.916313 1.596980 0.737848
v -1.919109 1.599916 0.739007
v -1.918349 1.595906 0.719028
v -1.926331 1.603925 0.721167
v -1.922339 1.596980 0.720096
v -1.925260 1.599916 0.720880
v -1.921901 1.595906 0.701169
v -1.930093 1.603925 0.702250
v -1.925997 1.596980 0.701709
v -1.928995 1.599916 0.702104
v -1.923108 1.677353 0.682735
v -1.931355 1.669335 0.683003
v -1.927231 1.676278 0.682869
v -1.930249 1.673344 0.682967
v -1.783634 1.677353 0.822208
v -1.921901 1.677353 0.701169
v -1.930093 1.669335 0.702250
v -1.925997 1.676278 0.701709
v -1.928995 1.673344 0.702104
v -1.918349 1.677353 0.719028
v -1.926331 1.669335 0.721167
v -1.922339 1.676278 0.720096
v -1.925260 1.673344 0.720880
v -1.912495 1.677353 0.736267
v -1.920131 1.669335 0.739429
v -1.916313 1.676278 0.737848
v -1.919109 1.673344 0.739007
v -1.904443 1.677353 0.752597
v -1.911600 1.669335 0.756728
v -1.908022 1.676278 0.754663
v -1.910641 1.673344 0.756175
v -1.894329 1.677353 0.767734
v -1.900883 1.669335 0.772765
v -1.897607 1.676278 0.770249
v -1.900006 1.673344 0.772092
v -1.882323 1.677353 0.781424
v -1.888167 1.669335 0.787266
v -1.885246 1.676278 0.784345
v -1.887385 1.673344 0.786484
v -1.868636 1.677353 0.793428
v -1.873666 1.669335 0.799984
v -1.871150 1.676279 0.796706
v -1.872993 1.673344 0.799106
v -1.853496 1.677353 0.803542
v -1.857629 1.669335 0.810699
v -1.855563 1.676279 0.807122
v -1.857076 1.673344 0.809740
v -1.837168 1.677353 0.811594
v -1.840330 1.669335 0.819231
v -1.838749 1.676279 0.815412
v -1.839908 1.673344 0.818208
v -1.819929 1.677353 0.817447
v -1.822066 1.669335 0.825430
v -1.820997 1.676279 0.821438
v -1.821779 1.673344 0.824360
v -1.802072 1.677353 0.821000
v -1.803150 1.669335 0.829192
v -1.802610 1.676279 0.825096
v -1.803006 1.673344 0.828094
v -1.923108 1.595906 -0.682734
v -1.931355 1.603925 -0.683002
v -1.927231 1.596981 -0.682868
v -1.930249 1.599916 -0.682966
v -1.783634 1.595906 -0.822208
v -1.783904 1.603925 -0.830453
v -1.783768 1.596981 -0.826330
v -1.783868 1.599916 -0.829348
v -1.921901 1.595906 -0.701170
v -1.930093 1.603925 -0.702248
v -1.925997 1.596981 -0.701710
v -1.928995 1.599916 -0.702104
v -1.918349 1.595906 -0.719026
v -1.926331 1.603925 -0.721165
v -1.922339 1.596981 -0.720097
v -1.925260 1.599916 -0.720879
v -1.912495 1.595906 -0.736268
v -1.920131 1.603925 -0.739430
v -1.916313 1.596981 -0.737849
v -1.919109 1.599916 -0.739006
v -1.904443 1.595906 -0.752597
v -1.911600 1.603925 -0.756728
v -1.908022 1.596981 -0.754663
v -1.910641 1.599916 -0.756175
v -1.894329 1.595906 -0.767734
v -1.900883 1.603925 -0.772765
v -1.897607 1.596981 -0.770250
v -1.900006 1.599916 -0.772091
v -1.882323 1.595906 -0.781422
v -1.888167 1.603925 -0.787267
v -1.885246 1.596981 -0.784346
v -1.887385 1.599916 -0.786483
v -1.868636 1.595906 -0.793427
v -1.873666 1.603925 -0.799983
v -1.871150 1.596981 -0.796705
v -1.872993 1.599916 -0.799104
v -1.853496 1.595906 -0.803543
v -1.857629 1.603925 -0.810699
v -1.855563 1.596981 -0.807120
v -1.857076 1.599916 -0.809740
v -1.837168 1.595906 -0.811595
v -1.840330 1.603925 -0.819229
v -1.838749 1.596981 -0.815413
v -1.839908 1.599916 -0.818206
v -1.819929 1.595906 -0.817447
v -1.822066 1.603925 -0.825428
v -1.820997 1.596981 -0.821438
v -1.821779 1.599916 -0.824360
v -1.802072 1.595906 -0.821000
v -1.803150 1.603925 -0.829193
v -1.802610 1.596981 -0.825096
v -1.803006 1.599916 -0.828094
v -1.783634 1.677352 -0.822208
v -1.783904 1.669335 -0.830453
v -1.783768 1.676278 -0.826330
v -1.783868 1.673344 -0.829348
v -1.923108 1.677353 -0.682734
v -1.931355 1.669335 -0.683002
v -1.927231 1.676278 -0.682868
v -1.802072 1.677352 -0.821000
v -1.803150 1.669335 -0.829193
v -1.802610 1.676278 -0.825096
v -1.803006 1.673344 -0.828094
v -1.819929 1.677352 -0.817447
v -1.822066 1.669335 -0.825428
v -1.820997 1.676278 -0.821438
v -1.821779 1.673344 -0.824360
v -1.837168 1.677352 -0.811595
v -1.840330 1.669335 -0.819229
v -1.838749 1.676278 -0.815413
v -1.839908 1.673344 -0.818206
v -1.853496 1.677352 -0.803543
v -1.857629 1.669335 -0.810699
v -1.855563 1.676278 -0.807120
v -1.857076 1.673344 -0.809740
v -1.868636 1.677352 -0.793427
v -1.873666 1.669335 -0.799983
v -1.871150 1.676278 -0.796705
v -1.872993 1.673344 -0.799104
v -1.882323 1.677353 -0.781422
v -1.888167 1.669335 -0.787267
v -1.885246 1.676278 -0.784344
v -1.887385 1.673344 -0.786483
v -1.894329 1.677353 -0.767734
v -1.900883 1.669335 -0.772765
v -1.897607 1.676278 -0.770250
v -1.900006 1.673344 -0.772091
v -1.904443 1.677353 -0.752597
v -1.911600 1.669335 -0.756728
v -1.908022 1.676278 -0.754663
v -1.910641 1.673344 -0.756175
v -1.912495 1.677353 -0.736268
v -1.920131 1.669335 -0.739430
v -1.916313 1.676278 -0.737849
v -1.919109 1.673344 -0.739006
v -1.918349 1.677353 -0.719026
v -1.926331 1.669335 -0.721165
v -1.922339 1.676278 -0.720097
v -1.925260 1.673344 -0.720879
v -1.921901 1.677353 -0.701170
v -1.930093 1.669335 -0.702248
v -1.925997 1.676278 -0.701710
v -1.928995 1.673344 -0.702104
v 1.923108 1.595906 0.682735
v 1.931355 1.603925 0.683003
v 1.927233 1.596980 0.682869
v 1.930250 1.599914 0.682967
v 1.783634 1.595906 0.822208
v 1.921901 1.595906 0.701169
v 1.930093 1.603925 0.702250
v 1.925997 1.596980 0.701709
v 1.928995 1.599914 0.702104
v 1.918349 1.595906 0.719028
v 1.926331 1.603925 0.721167
v 1.922339 1.596980 0.720096
v 1.925262 1.599914 0.720880
v 1.912497 1.595906 0.736267
v 1.920131 1.603925 0.739429
v 1.916313 1.596980 0.737848
v 1.919109 1.599914 0.739007
v 1.904443 1.595906 0.752597
v 1.911600 1.603925 0.756728
v 1.908022 1.596980 0.754663
v 1.910641 1.599914 0.756175
v 1.894329 1.595906 0.767734
v 1.900885 1.603925 0.772765
v 1.897607 1.596980 0.770249
v 1.900006 1.599914 0.772092
v 1.882325 1.595906 0.781424
v 1.888167 1.603925 0.787266
v 1.885246 1.596980 0.784345
v 1.887385 1.599914 0.786484
v 1.868636 1.595906 0.793427
v 1.873667 1.603925 0.799984
v 1.871152 1.596980 0.796705
v 1.872993 1.599914 0.799106
v 1.853498 1.595906 0.803542
v 1.857630 1.603925 0.810699
v 1.855563 1.596980 0.807122
v 1.857076 1.599914 0.809740
v 1.837170 1.595906 0.811594
v 1.840332 1.603925 0.819231
v 1.838751 1.596980 0.815412
v 1.839908 1.599914 0.818208
v 1.819929 1.595906 0.817447
v 1.822067 1.603925 0.825430
v 1.820997 1.596980 0.821438
v 1.821781 1.599914 0.824360
v 1.802072 1.595906 0.821000
v 1.803150 1.603925 0.829192
v 1.802610 1.596980 0.825096
v 1.803006 1.599914 0.828094
v 1.783634 1.677353 0.822208
v 1.783904 1.669334 0.830454
v 1.783770 1.676279 0.826332
v 1.783868 1.673344 0.829349
v 1.923108 1.677353 0.682735
v 1.931355 1.669334 0.683003
v 1.927233 1.676278 0.682869
v 1.930250 1.673344 0.682967
v 1.802072 1.677353 0.821000
v 1.803150 1.669334 0.829192
v 1.802610 1.676279 0.825096
v 1.803006 1.673344 0.828094
v 1.819929 1.677353 0.817447
v 1.822067 1.669334 0.825430
v 1.820997 1.676279 0.821438
v 1.821781 1.673344 0.824360
v 1.837170 1.677353 0.811594
v 1.840332 1.669334 0.819231
v 1.838751 1.676279 0.815412
v 1.839908 1.673344 0.818208
v 1.853498 1.677353 0.803542
v 1.857630 1.669334 0.810699
v 1.855563 1.676279 0.807122
v 1.857076 1.673344 0.809740
v 1.868636 1.677353 0.793428
v 1.873667 1.669334 0.799984
v 1.871152 1.676279 0.796706
v 1.872993 1.673344 0.799106
v 1.882325 1.677353 0.781424
v 1.888167 1.669334 0.787266
v 1.885246 1.676278 0.784345
v 1.887385 1.673344 0.786484
v 1.894329 1.677353 0.767734
v 1.900885 1.669334 0.772765
v 1.897607 1.676278 0.770249
v 1.900006 1.673344 0.772092
v 1.904443 1.677353 0.752597
v 1.911600 1.669334 0.756728
v 1.908022 1.676278 0.754663
v 1.910641 1.673344 0.756175
v 1.912497 1.677353 0.736267
v 1.920131 1.669334 0.739429
v 1.916313 1.676278 0.737848
v 1.919109 1.673344 0.739007
v 1.918349 1.677353 0.719028
v 1.926331 1.669334 0.721167
v 1.922339 1.676278 0.720096
v 1.925262 1.673344 0.720880
v 1.921901 1.677353 0.701169
v 1.930093 1.669334 0.702250
v 1.925997 1.676278 0.701709
v 1.928995 1.673344 0.702104
v 1.783634 1.595906 -0.822208
v 1.783904 1.603925 -0.830453
v 1.783770 1.596980 -0.826330
v 1.783868 1.599916 -0.829348
v 1.930250 1.599916 -0.682966
v 1.802072 1.595906 -0.821000
v 1.803150 1.603925 -0.829193
v 1.802610 1.596980 -0.825096
v 1.803006 1.599916 -0.828094
v 1.819929 1.595906 -0.817447
v 1.822067 1.603925 -0.825428
v 1.820997 1.596980 -0.821438
v 1.821781 1.599916 -0.824360
v 1.837170 1.595906 -0.811595
v 1.840332 1.603925 -0.819229
v 1.838751 1.596980 -0.815413
v 1.839908 1.599916 -0.818206
v 1.853498 1.595906 -0.803543
v 1.857630 1.603925 -0.810699
v 1.855563 1.596980 -0.807120
v 1.857076 1.599916 -0.809740
v 1.868636 1.595906 -0.793427
v 1.873667 1.603925 -0.799983
v 1.871152 1.596980 -0.796705
v 1.872993 1.599916 -0.799104
v 1.882325 1.595906 -0.781422
v 1.888167 1.603925 -0.787267
v 1.885246 1.596980 -0.784346
v 1.887385 1.599916 -0.786483
v 1.894329 1.595906 -0.767734
v 1.900885 1.603925 -0.772765
v 1.897607 1.596980 -0.770250
v 1.900006 1.599916 -0.772091
v 1.904443 1.595906 -0.752597
v 1.911600 1.603925 -0.756728
v 1.908022 1.596980 -0.754663
v 1.910641 1.599916 -0.756175
v 1.912497 1.595906 -0.736268
v 1.920131 1.603925 -0.739430
v 1.916313 1.596980 -0.737849
v 1.919109 1.599916 -0.739006
v 1.918349 1.595906 -0.719026
v 1.926331 1.603925 -0.721165
v 1.922339 1.596980 -0.720097
v 1.925262 1.599916 -0.720879
v 1.921901 1.595906 -0.701170
v 1.930093 1.603925 -0.702248
v 1.925997 1.596980 -0.701710
v 1.928995 1.599916 -0.702104
v 1.923108 1.677353 -0.682734
v 1.783634 1.677352 -0.822208
v 1.783904 1.669335 -0.830453
v 1.783770 1.676278 -0.826330
v 1.783868 1.673344 -0.829348
v 1.921901 1.677353 -0.701170
v 1.930093 1.669335 -0.702248
v 1.925997 1.676278 -0.701710
v 1.928995 1.673344 -0.702104
v 1.918349 1.677353 -0.719026
v 1.926331 1.669335 -0.721165
v 1.922339 1.676278 -0.720097
v 1.925262 1.673344 -0.720879
v 1.912497 1.677353 -0.736268
v 1.920131 1.669335 -0.739430
v 1.916313 1.676278 -0.737849
v 1.919109 1.673344 -0.739006
v 1.904443 1.677353 -0.752597
v 1.911600 1.669335 -0.756728
v 1.908022 1.676278 -0.754663
v 1.910641 1.673344 -0.756175
v 1.894329 1.677353 -0.767734
v 1.900885 1.669335 -0.772765
v 1.897607 1.676278 -0.770250
v 1.900006 1.673344 -0.772091
v 1.882325 1.677353 -0.781422
v 1.888167 1.669335 -0.787267
v 1.885246 1.676278 -0.784344
v 1.887385 1.673344 -0.786483
v 1.868636 1.677352 -0.793427
v 1.873667 1.669335 -0.799983
v 1.871152 1.676278 -0.796705
v 1.872993 1.673344 -0.799104
v 1.853498 1.677352 -0.803543
v 1.857630 1.669335 -0.810699
v 1.855563 1.676278 -0.807120
v 1.857076 1.673344 -0.809740
v 1.837170 1.677352 -0.811595
v 1.840332 1.669335 -0.819229
v 1.838751 1.676278 -0.815413
v 1.839908 1.673344 -0.818206
v 1.819929 1.677352 -0.817447
v 1.822067 1.669335 -0.825428
v 1.820997 1.676278 -0.821438
v 1.821781 1.673344 -0.824360
v 1.802072 1.677352 -0.821000
v 1.803150 1.669335 -0.829193
v 1.802610 1.676278 -0.825096
v 1.803006 1.673344 -0.828094
v 1.927233 1.676278 -0.682868
v 1.155762 1.677353 -0.467086
v 1.155764 1.677352 -0.822208
v 1.502894 1.677352 -0.822208
v 1.502889 1.677353 -0.467086
v -1.485760 1.677353 -0.467085
v -1.485765 1.677352 -0.822208
v -1.124366 1.677353 -0.467085
v -1.124369 1.677352 -0.822208
v -0.004132 1.677353 0.822208
v -0.004132 1.595906 0.822208
v 1.148576 1.595906 -0.822208
v 1.148576 1.603925 -0.830453
v 1.148578 1.596980 -0.826330
v 1.148576 1.599916 -0.829348
v 1.930250 1.673344 -0.682966
v 1.520119 1.595906 -0.822208
v -1.782516 1.595906 0.822208
v 1.520117 1.603925 -0.830453
v 1.520119 1.596980 -0.826330
v 1.520117 1.599916 -0.829348
v -1.131047 1.599916 -0.829348
v -1.131047 1.596981 -0.826330
v -1.131047 1.603925 -0.830453
v -1.131047 1.595906 -0.822208
v -1.802072 1.595906 0.821000
v -1.485700 1.595906 -0.822208
v -1.485700 1.599916 -0.829348
v -1.485700 1.603925 -0.830453
v -1.485700 1.596981 -0.826330
v 1.927233 1.596980 -0.682868
v 1.931355 1.603925 -0.683002
v 1.520119 1.595906 -0.500960
v -1.131047 1.595906 -0.500960
v -1.485700 1.595906 -0.500960
v 1.923108 1.595906 -0.682734
v 1.148576 1.595906 -0.500960
v -1.252628 1.595906 -0.596867
v -1.252628 1.677353 -0.596867
v 1.252373 1.677353 -0.709010
v 1.338791 1.677353 -0.726199
v 1.364518 1.677353 -0.596867
v 1.387742 1.677353 -0.652938
v -1.322115 1.595906 -0.582606
v -1.308699 1.677353 -0.573641
v 1.308445 1.595906 -0.573641
v 1.308445 1.677353 -0.573641
v 1.235184 1.677353 -0.622593
v -1.364771 1.677353 -0.709010
v -1.278353 1.677353 -0.726199
v -1.229402 1.677353 -0.652938
v 1.235184 1.595906 -0.622593
v -1.381960 1.677353 -0.622593
v 1.387742 1.595906 -0.652938
v 1.364518 1.595906 -0.596867
v 1.252373 1.595906 -0.709010
v 1.338791 1.595906 -0.726199
v -1.229402 1.595906 -0.652938
v -1.381960 1.595906 -0.622593
v -1.364771 1.595906 -0.709010
v -1.278353 1.595906 -0.726199
v -1.783768 1.596980 0.826332
v 1.931355 1.669335 -0.683002
v -1.783904 1.603925 0.830454
v -1.783904 1.669335 0.830454
v -1.783868 1.673344 0.829349
v -1.783768 1.676279 0.826332
v -0.004132 1.596980 0.826332
v -0.004132 1.603925 0.830454
v -0.004132 1.669334 0.830454
v -0.004132 1.673344 0.829349
v -0.004132 1.676279 0.826332
v -1.485754 1.669335 -0.830453
v -1.485757 1.673344 -0.829348
v -1.485762 1.676278 -0.826330
v -1.125557 1.669335 -0.830453
v -1.125153 1.673344 -0.829348
v -1.124718 1.676278 -0.826330
v 1.505961 1.669335 -0.830453
v 1.504915 1.673344 -0.829348
v 1.503792 1.676278 -0.826330
v 1.154484 1.669335 -0.830453
v 1.154921 1.673344 -0.829348
v 1.155389 1.676278 -0.826330
v 1.783770 1.596980 0.826332
v 1.783868 1.599914 0.829349
v 1.783904 1.603925 0.830454
v -0.004132 1.599914 0.829349
v -1.930249 1.673344 -0.682966
v -1.332033 1.679159 -0.709603
v -1.334061 1.684210 -0.714498
v -1.309263 1.684210 -0.719431
v -1.309263 1.679159 -0.714133
v -1.351337 1.679159 -0.612559
v -1.355083 1.684210 -0.608813
v -1.364235 1.679159 -0.631862
v -1.369129 1.684210 -0.629834
v -1.332033 1.679159 -0.599659
v -1.334061 1.684210 -0.594766
v -1.309263 1.679159 -0.595131
v -1.309263 1.684210 -0.589833
v 1.309263 1.684210 -0.719431
v 1.309263 1.679159 -0.714133
v 1.332033 1.679159 -0.709603
v 1.334061 1.684210 -0.714498
v 1.351338 1.679159 -0.696705
v 1.355083 1.684210 -0.700451
v 1.364236 1.679159 -0.677402
v 1.369129 1.684210 -0.679429
v -1.368765 1.679159 -0.654632
v -1.374062 1.684210 -0.654632
v -1.364235 1.679159 -0.677402
v -1.369129 1.684210 -0.679429
v 1.368765 1.679159 -0.654632
v 1.374062 1.684210 -0.654632
v -1.351337 1.679159 -0.696705
v -1.355083 1.684210 -0.700451
v -1.267190 1.679159 -0.612559
v -1.263444 1.684210 -0.608813
v -1.267190 1.679159 -0.696705
v -1.263444 1.684210 -0.700451
v 1.249762 1.679159 -0.654632
v 1.244465 1.684210 -0.654632
v -1.249762 1.679159 -0.654632
v -1.244465 1.684210 -0.654632
v -1.254291 1.679159 -0.677402
v -1.249397 1.684210 -0.679429
v -1.254291 1.679159 -0.631862
v -1.249397 1.684210 -0.629834
v -1.286494 1.679159 -0.599659
v -1.284466 1.684210 -0.594766
v -1.286494 1.679159 -0.709603
v -1.284466 1.684210 -0.714498
v 1.267190 1.679159 -0.612559
v 1.263444 1.684210 -0.608813
v 1.309263 1.679159 -0.595131
v 1.309263 1.684210 -0.589833
v 1.286494 1.679159 -0.709603
v 1.284466 1.684210 -0.714498
v 1.286494 1.679159 -0.599659
v 1.284466 1.684210 -0.594766
v 1.267190 1.679159 -0.696705
v 1.263444 1.684210 -0.700451
v 1.351338 1.679159 -0.612559
v 1.355083 1.684210 -0.608813
v 1.364236 1.679159 -0.631862
v 1.369129 1.684210 -0.629834
v 1.332033 1.679159 -0.599659
v 1.334061 1.684210 -0.594766
v 1.254292 1.679159 -0.631862
v 1.249397 1.684210 -0.629834
v 1.254292 1.679159 -0.677402
v 1.249397 1.684210 -0.679429
v -1.335213 1.593568 -0.717280
v -1.332033 1.601491 -0.709603
v -1.309263 1.601491 -0.714133
v -1.309263 1.593568 -0.722440
v 1.309263 1.601491 -0.714133
v 1.309263 1.593568 -0.722440
v 1.335213 1.593568 -0.717280
v 1.332033 1.601491 -0.709603
v 1.357212 1.593568 -0.702580
v 1.351337 1.601491 -0.696705
v 1.371912 1.593568 -0.680581
v 1.364236 1.601491 -0.677402
v 1.377073 1.593568 -0.654632
v 1.368765 1.601491 -0.654632
v 1.371912 1.593568 -0.628682
v 1.364236 1.601491 -0.631862
v 1.357212 1.593568 -0.606683
v 1.351337 1.601491 -0.612559
v 1.335213 1.593568 -0.591984
v 1.332033 1.601491 -0.599659
v -1.357212 1.593568 -0.606683
v -1.351337 1.601491 -0.612559
v -1.371912 1.593568 -0.628682
v -1.364235 1.601491 -0.631862
v -1.335213 1.593568 -0.591984
v -1.332033 1.601491 -0.599659
v -1.309263 1.593568 -0.586822
v -1.309263 1.601491 -0.595131
v 1.309263 1.593568 -0.586822
v 1.309263 1.601491 -0.595131
v 1.283314 1.593568 -0.591984
v 1.286494 1.601491 -0.599659
v 1.261315 1.593568 -0.606683
v 1.267190 1.601491 -0.612559
v -1.377073 1.593568 -0.654632
v -1.368765 1.601491 -0.654632
v 1.246615 1.593568 -0.628682
v 1.254292 1.601491 -0.631862
v -1.371912 1.593568 -0.680581
v -1.364235 1.601491 -0.677402
v -1.357212 1.593568 -0.702580
v -1.351337 1.601491 -0.696705
v -1.261315 1.593568 -0.606683
v -1.267190 1.601491 -0.612559
v -1.261315 1.593568 -0.702580
v -1.267190 1.601491 -0.696705
v 1.241453 1.593568 -0.654632
v 1.249762 1.601491 -0.654632
v -1.241453 1.593568 -0.654632
v -1.249762 1.601491 -0.654632
v -1.246615 1.593568 -0.628682
v -1.254292 1.601491 -0.631862
v -1.246615 1.593568 -0.680581
v -1.254292 1.601491 -0.677402
v -1.283314 1.593568 -0.591984
v -1.286494 1.601491 -0.599659
v -1.283314 1.593568 -0.717280
v -1.286494 1.601491 -0.709603
v 1.261315 1.593568 -0.702580
v 1.267190 1.601491 -0.696705
v 1.283314 1.593568 -0.717280
v 1.286494 1.601491 -0.709603
v 1.246615 1.593568 -0.680581
v 1.254292 1.601491 -0.677402
v -1.347618 1.684210 -0.747228
v -1.348972 1.680838 -0.750496
v -1.309263 1.680838 -0.758394
v -1.309263 1.684210 -0.754858
v -1.382635 1.680838 -0.581261
v -1.380134 1.684210 -0.583761
v -1.401859 1.684210 -0.616277
v -1.405126 1.680838 -0.614924
v -1.348972 1.680838 -0.558768
v -1.347618 1.684210 -0.562036
v -1.309263 1.684210 -0.554406
v -1.309263 1.680838 -0.550869
v 1.309263 1.680838 -0.758394
v 1.309263 1.684210 -0.754858
v 1.348972 1.680838 -0.750496
v 1.347618 1.684210 -0.747228
v 1.380134 1.684210 -0.725502
v 1.382635 1.680838 -0.728003
v 1.405126 1.680838 -0.694340
v 1.401859 1.684210 -0.692987
v -1.413026 1.680838 -0.654632
v -1.409489 1.684210 -0.654632
v -1.401859 1.684210 -0.692987
v -1.405126 1.680838 -0.694340
v 1.409489 1.684210 -0.654632
v 1.413026 1.680838 -0.654632
v -1.382635 1.680838 -0.728003
v -1.380134 1.684210 -0.725502
v -1.238393 1.684210 -0.583761
v -1.235892 1.680838 -0.581261
v -1.235892 1.680838 -0.728003
v -1.238393 1.684210 -0.725502
v 1.209038 1.684210 -0.654632
v 1.205501 1.680838 -0.654632
v -1.209038 1.684210 -0.654632
v -1.205501 1.680838 -0.654632
v -1.213399 1.680838 -0.694340
v -1.216667 1.684210 -0.692987
v -1.216667 1.684210 -0.616277
v -1.213399 1.680838 -0.614924
v -1.269555 1.680838 -0.558768
v -1.270909 1.684210 -0.562036
v -1.270909 1.684210 -0.747228
v -1.269555 1.680838 -0.750496
v 1.238393 1.684210 -0.583761
v 1.235892 1.680838 -0.581261
v 1.309263 1.684210 -0.554406
v 1.309263 1.680838 -0.550869
v 1.270909 1.684210 -0.747228
v 1.269555 1.680838 -0.750496
v 1.269555 1.680838 -0.558768
v 1.270909 1.684210 -0.562036
v 1.235892 1.680838 -0.728003
v 1.238393 1.684210 -0.725502
v 1.380134 1.684210 -0.583761
v 1.382635 1.680838 -0.581261
v 1.401859 1.684210 -0.616277
v 1.405126 1.680838 -0.614924
v 1.348972 1.680838 -0.558768
v 1.347618 1.684210 -0.562036
v 1.213401 1.680838 -0.614924
v 1.216667 1.684210 -0.616277
v 1.216667 1.684210 -0.692987
v 1.213401 1.680838 -0.694340
vn -0.6541 0.3800 0.6540
vn -0.3827 -0.0000 0.9239
vn -0.3540 0.3801 0.8545
vn -0.9250 0.3800 -0.0000
vn -0.9239 -0.0000 0.3827
vn -0.8546 0.3800 0.3540
vn 0.9035 0.2091 0.3743
vn 0.9779 -0.2091 -0.0000
vn 0.9035 -0.2091 0.3742
vn -0.1640 -0.9865 -0.0000
vn -0.0000 -1.0000 -0.0000
vn -0.1516 -0.9864 -0.0628
vn -0.1515 0.9865 0.0628
vn 0.4076 0.9132 -0.0000
vn 0.3765 0.9132 -0.1560
vn -0.0628 -0.9865 -0.1515
vn -0.1515 0.9865 -0.0628
vn 0.2882 0.9132 0.2882
vn 0.3765 0.9132 0.1560
vn 0.6541 0.3800 -0.6540
vn 0.3827 -0.0000 -0.9239
vn 0.3540 0.3801 -0.8545
vn -0.0000 -0.0000 -1.0000
vn -0.0000 0.3800 -0.9250
vn 0.1514 -0.9865 -0.0628
vn -0.9250 0.3801 -0.0000
vn -0.0000 -0.0000 1.0000
vn -0.0000 0.3800 0.9250
vn -0.6541 0.3800 -0.6540
vn -0.9239 -0.0000 -0.3827
vn -0.8546 0.3800 -0.3540
vn 0.8546 0.3800 0.3540
vn 1.0000 -0.0000 -0.0000
vn 0.9250 0.3801 -0.0000
vn 0.0628 0.9865 0.1515
vn -0.2882 0.9132 -0.2882
vn 0.1159 0.9865 0.1159
vn -0.0628 -0.9865 0.1515
vn -0.3742 0.2091 0.9035
vn -0.0000 -0.2091 0.9779
vn -0.3742 -0.2091 0.9035
vn 0.8546 0.3800 -0.3540
vn 0.7071 -0.0000 -0.7071
vn 0.9239 -0.0000 -0.3827
vn -1.0000 -0.0000 -0.0000
vn 0.6541 0.3800 0.6540
vn 0.9239 -0.0000 0.3827
vn 0.8545 0.3801 0.3540
vn -0.3743 0.2090 -0.9035
vn -0.0000 -0.2091 -0.9779
vn -0.0000 0.2091 -0.9779
vn -0.1159 0.9865 -0.1159
vn 0.3766 0.9131 0.1560
vn 0.3742 0.2090 -0.9035
vn 0.6915 -0.2091 -0.6915
vn 0.6915 0.2091 -0.6915
vn -0.0628 0.9865 -0.1515
vn -0.0000 0.9132 0.4076
vn 0.1561 0.9131 0.3768
vn 0.1640 -0.9865 -0.0000
vn 0.1515 -0.9865 0.0628
vn 0.1159 0.9865 -0.1159
vn -0.1560 0.9132 0.3765
vn 0.0628 0.9865 -0.1515
vn 0.1640 0.9865 -0.0000
vn -0.3766 0.9131 0.1560
vn 0.1515 0.9865 -0.0628
vn 0.1159 -0.9865 0.1159
vn -0.3827 -0.0000 -0.9239
vn -0.3540 0.3801 -0.8545
vn -0.0000 -0.9865 -0.1640
vn 0.0628 -0.9865 -0.1515
vn -0.1516 -0.9865 0.0628
vn -0.6915 0.2091 0.6915
vn -0.9035 -0.2090 0.3743
vn -0.9035 0.2091 0.3742
vn 0.9250 0.3800 -0.0000
vn -0.0628 -0.9865 0.1514
vn -0.1159 -0.9865 0.1159
vn 0.3540 0.3801 0.8545
vn 0.7071 -0.0000 0.7071
vn -0.6915 0.2090 -0.6915
vn -0.3742 -0.2090 -0.9035
vn -0.3742 0.2091 -0.9035
vn 0.9035 0.2091 0.3742
vn 0.0628 -0.9865 -0.1516
vn 0.1160 -0.9865 -0.1159
vn -0.7071 -0.0000 0.7071
vn -0.0000 0.2090 -0.9779
vn 0.3742 -0.2090 -0.9035
vn 0.3742 0.2091 -0.9035
vn 0.6915 -0.2091 0.6915
vn 0.3742 0.2090 0.9035
vn 0.6915 0.2090 0.6915
vn 0.6915 0.2091 0.6915
vn -0.9035 0.2091 -0.3742
vn -0.6915 -0.2091 -0.6915
vn -0.9779 -0.2091 -0.0000
vn -0.9779 0.2090 -0.0000
vn 0.9035 0.2090 -0.3742
vn 0.9035 -0.2091 -0.3742
vn -0.9035 -0.2090 -0.3742
vn -0.0000 0.2090 0.9779
vn 0.3742 -0.2091 0.9035
vn -0.0000 -0.2090 0.9779
vn 0.3827 -0.0000 0.9239
vn 0.3742 0.2091 0.9035
vn -0.1159 -0.9865 -0.1159
vn -0.0000 -0.9865 0.1640
vn -0.1516 -0.9864 0.0628
vn 0.1159 -0.9865 -0.1159
vn 0.1515 -0.9865 -0.0627
vn -0.1516 -0.9865 -0.0628
vn -0.6915 -0.2091 0.6915
vn -0.6915 0.2090 0.6915
vn -0.9035 -0.2090 0.3742
vn 0.9779 0.2090 -0.0000
vn 0.9035 -0.2090 -0.3742
vn 0.0628 -0.9865 0.1515
vn 0.3742 -0.2089 -0.9035
vn 0.6541 0.3800 -0.6541
vn -0.9779 -0.2089 -0.0000
vn 0.6915 -0.2090 -0.6915
vn -0.6915 -0.2090 0.6915
vn 0.3766 0.9131 -0.1560
vn -0.1560 0.9132 -0.3765
vn -0.7071 -0.0000 -0.7071
vn -0.1159 0.9865 0.1159
vn 0.2882 0.9132 -0.2882
vn -0.0000 0.9865 0.1640
vn -0.2882 0.9132 0.2882
vn -0.0628 0.9865 0.1515
vn -0.0000 0.9132 -0.4076
vn -0.0000 0.9865 -0.1640
vn 0.1560 0.9132 -0.3765
vn -0.0628 0.9865 -0.1514
vn 0.1560 0.9132 0.3765
vn -0.3766 0.9131 -0.1560
vn -0.4076 0.9132 -0.0000
vn 0.8545 0.3801 -0.3540
vn 0.1514 0.9865 0.0627
vn 0.1514 0.9865 0.0628
vn -0.1640 0.9865 -0.0000
vn -0.9825 0.1338 0.1294
vn -0.9904 -0.1341 0.0324
vn -0.9825 -0.1338 0.1294
vn 0.0600 -0.1165 0.9914
vn 0.1294 0.1337 0.9825
vn 0.0648 0.1349 0.9887
vn -0.9825 -0.1338 -0.1294
vn -0.9909 0.1341 -0.0095
vn -0.9825 0.1338 -0.1294
vn -0.1294 0.1338 0.9825
vn -0.2565 -0.1338 0.9572
vn -0.1294 -0.1338 0.9825
vn -0.9572 -0.1338 -0.2565
vn -0.9573 0.1335 -0.2565
vn -0.2565 0.1338 0.9572
vn -0.3792 -0.1337 0.9156
vn -0.3792 0.1337 0.9156
vn -0.4955 -0.1337 0.8582
vn -0.4955 0.1337 0.8582
vn -0.6033 -0.1337 0.7862
vn -0.6033 0.1337 0.7862
vn -0.7008 -0.1337 0.7007
vn -0.7008 0.1337 0.7007
vn -0.7862 -0.1341 0.6033
vn -0.7862 0.1335 0.6033
vn -0.8582 -0.1337 0.4955
vn -0.8582 0.1337 0.4955
vn -0.9156 -0.1336 0.3792
vn -0.9156 0.1336 0.3792
vn -0.9572 -0.1338 0.2565
vn -0.9572 0.1338 0.2565
vn -0.0000 1.0000 -0.0000
vn -0.9904 0.1341 0.0324
vn -0.9909 -0.1341 -0.0095
vn 0.0324 0.1339 -0.9905
vn -0.0000 -0.1342 -0.9910
vn 0.0274 0.1341 -0.9906
vn 0.9825 -0.1337 0.1293
vn 0.9905 0.1338 0.0324
vn 0.9825 0.1337 0.1293
vn -0.1294 -0.1338 -0.9825
vn -0.2565 0.1337 -0.9573
vn -0.1294 0.1338 -0.9825
vn -0.2565 -0.1337 -0.9573
vn -0.3792 0.1337 -0.9156
vn -0.3792 -0.1337 -0.9156
vn -0.4955 0.1337 -0.8582
vn -0.4955 -0.1337 -0.8582
vn -0.6033 0.1337 -0.7862
vn -0.6033 -0.1337 -0.7862
vn -0.7008 0.1338 -0.7007
vn -0.7008 -0.1338 -0.7007
vn -0.7862 0.1337 -0.6033
vn -0.7862 -0.1337 -0.6033
vn -0.8582 0.1337 -0.4955
vn -0.8582 -0.1337 -0.4955
vn -0.9156 0.1337 -0.3792
vn -0.9156 -0.1337 -0.3792
vn -0.0324 -0.1339 -0.9905
vn -0.0324 0.1339 -0.9905
vn 0.2565 -0.1337 -0.9573
vn 0.1293 0.1338 -0.9825
vn 0.2565 0.1337 -0.9573
vn 0.9825 -0.1338 -0.1293
vn 0.9573 0.1337 -0.2565
vn 0.9825 0.1338 -0.1293
vn 0.9573 -0.1336 -0.2565
vn 0.9156 0.1337 -0.3793
vn 0.9156 -0.1337 -0.3793
vn 0.8582 0.1337 -0.4955
vn 0.8582 -0.1337 -0.4955
vn 0.7862 0.1338 -0.6033
vn 0.7862 -0.1338 -0.6033
vn 0.7007 0.1338 -0.7008
vn 0.7008 -0.1338 -0.7008
vn 0.6033 0.1338 -0.7862
vn 0.6033 -0.1338 -0.7862
vn 0.4955 0.1338 -0.8582
vn 0.4955 -0.1338 -0.8582
vn 0.3792 0.1337 -0.9156
vn 0.3792 -0.1337 -0.9156
vn 0.9909 -0.1341 -0.0095
vn 0.9907 0.1339 -0.0253
vn 0.9573 -0.1336 0.2565
vn 0.9573 0.1336 0.2565
vn 0.1293 -0.1338 -0.9825
vn 0.1294 -0.1337 0.9825
vn 0.2565 0.1338 0.9572
vn 0.2565 -0.1338 0.9573
vn 0.3793 0.1337 0.9156
vn 0.3792 -0.1337 0.9156
vn 0.4955 0.1338 0.8582
vn 0.4955 -0.1338 0.8582
vn 0.6033 0.1338 0.7862
vn 0.6033 -0.1338 0.7862
vn 0.7008 0.1336 0.7008
vn 0.7008 -0.1336 0.7008
vn 0.7863 0.1336 0.6033
vn 0.7861 -0.1341 0.6034
vn 0.8582 0.1337 0.4955
vn 0.8582 -0.1337 0.4955
vn 0.9156 0.1336 0.3793
vn 0.9156 -0.1336 0.3793
vn -0.0555 0.1339 0.9894
vn -0.0000 -0.1339 0.9910
vn -0.0649 -0.8678 0.4926
vn -0.0484 -0.5064 0.8609
vn -0.1126 -0.5065 0.8548
vn -0.0328 0.9678 0.2495
vn -0.0322 0.8704 0.4913
vn -0.0082 0.9677 0.2518
vn -0.0649 0.8679 0.4925
vn -0.0482 0.5070 0.8606
vn -0.1126 0.5067 0.8548
vn -0.0141 -0.9713 0.2375
vn -0.1285 -0.8680 0.4797
vn -0.0651 -0.9678 0.2431
vn -0.2232 -0.5066 0.8328
vn -0.1286 0.8679 0.4799
vn -0.2231 0.5067 0.8328
vn -0.1901 -0.8679 0.4590
vn -0.0963 -0.9678 0.2325
vn -0.3299 -0.5065 0.7966
vn -0.0651 0.9678 0.2430
vn -0.1900 0.8679 0.4589
vn -0.1258 -0.9678 0.2179
vn -0.2485 -0.8678 0.4303
vn -0.4312 -0.5065 0.7467
vn -0.1257 0.9679 0.2178
vn -0.0963 0.9678 0.2324
vn -0.2484 0.8679 0.4302
vn -0.3299 0.5066 0.7965
vn -0.1532 -0.9678 0.1997
vn -0.3024 -0.8679 0.3941
vn -0.5248 -0.5066 0.6840
vn -0.1532 0.9678 0.1996
vn -0.3024 0.8679 0.3941
vn -0.4311 0.5066 0.7467
vn -0.1779 -0.9678 0.1779
vn -0.3513 -0.8678 0.3513
vn -0.6097 -0.5064 0.6097
vn -0.1779 0.9678 0.1779
vn -0.3512 0.8679 0.3512
vn -0.5248 0.5066 0.6840
vn -0.3942 -0.8678 0.3025
vn -0.1996 -0.9678 0.1532
vn -0.6841 -0.5064 0.5250
vn -0.3941 0.8679 0.3024
vn -0.6097 0.5066 0.6097
vn -0.4304 -0.8678 0.2484
vn -0.2179 -0.9678 0.1258
vn -0.7467 -0.5065 0.4311
vn -0.1996 0.9678 0.1532
vn -0.4303 0.8679 0.2484
vn -0.6841 0.5065 0.5249
vn -0.2325 -0.9678 0.0963
vn -0.4590 -0.8679 0.1901
vn -0.7966 -0.5065 0.3300
vn -0.2324 0.9678 0.0963
vn -0.2179 0.9678 0.1258
vn -0.4589 0.8679 0.1901
vn -0.7467 0.5066 0.4311
vn -0.7965 0.5066 0.3299
vn -0.2431 -0.9678 0.0652
vn -0.4800 -0.8678 0.1286
vn -0.8328 -0.5066 0.2231
vn -0.2431 0.9678 0.0651
vn -0.4798 0.8679 0.1285
vn -0.8330 0.5063 0.2232
vn -0.4927 -0.8678 0.0649
vn -0.2495 -0.9678 0.0328
vn -0.8549 -0.5065 0.1125
vn -0.4926 0.8679 0.0648
vn -0.8548 0.5066 0.1125
vn -0.4932 -0.8697 0.0161
vn -0.2519 -0.9677 0.0082
vn -0.8606 -0.5084 0.0282
vn -0.2494 0.9678 0.0328
vn -0.4931 0.8698 0.0161
vn -0.8606 0.5085 0.0282
vn -0.0328 0.9678 -0.2495
vn -0.0161 0.8698 -0.4931
vn -0.0648 0.8679 -0.4925
vn -0.0282 0.5084 -0.8607
vn -0.1125 0.5066 -0.8548
vn -0.0329 -0.9677 -0.2498
vn -0.0161 -0.8697 -0.4933
vn -0.0083 -0.9676 -0.2523
vn -0.0649 -0.8678 -0.4927
vn -0.0282 -0.5084 -0.8607
vn -0.1125 -0.5066 -0.8548
vn -0.1286 0.8679 -0.4799
vn -0.0651 0.9678 -0.2430
vn -0.2232 0.5065 -0.8329
vn -0.1286 -0.8678 -0.4800
vn -0.1901 0.8679 -0.4590
vn -0.0963 0.9678 -0.2324
vn -0.3300 0.5066 -0.7966
vn -0.0652 -0.9677 -0.2434
vn -0.1902 -0.8678 -0.4591
vn -0.2232 -0.5065 -0.8328
vn -0.1258 0.9678 -0.2179
vn -0.2484 0.8679 -0.4302
vn -0.4311 0.5067 -0.7466
vn -0.1260 -0.9677 -0.2182
vn -0.0963 -0.9678 -0.2325
vn -0.2485 -0.8678 -0.4303
vn -0.3299 -0.5065 -0.7966
vn -0.1532 0.9678 -0.1996
vn -0.3024 0.8679 -0.3941
vn -0.5249 0.5066 -0.6840
vn -0.1534 -0.9677 -0.1999
vn -0.3025 -0.8678 -0.3942
vn -0.4311 -0.5067 -0.7466
vn -0.1779 0.9678 -0.1782
vn -0.3512 0.8679 -0.3512
vn -0.6096 0.5067 -0.6096
vn -0.1781 -0.9678 -0.1781
vn -0.3514 -0.8678 -0.3514
vn -0.5248 -0.5066 -0.6840
vn -0.3941 0.8679 -0.3024
vn -0.1996 0.9678 -0.1532
vn -0.6841 0.5065 -0.5249
vn -0.3943 -0.8678 -0.3025
vn -0.6097 -0.5066 -0.6096
vn -0.4303 0.8679 -0.2484
vn -0.2179 0.9678 -0.1258
vn -0.7467 0.5066 -0.4311
vn -0.1999 -0.9677 -0.1534
vn -0.4304 -0.8678 -0.2485
vn -0.6841 -0.5065 -0.5249
vn -0.2324 0.9678 -0.0963
vn -0.4589 0.8679 -0.1901
vn -0.7965 0.5066 -0.3299
vn -0.2328 -0.9677 -0.0964
vn -0.2182 -0.9677 -0.1260
vn -0.4591 -0.8678 -0.1901
vn -0.7467 -0.5066 -0.4311
vn -0.7965 -0.5066 -0.3299
vn -0.2431 0.9678 -0.0651
vn -0.4798 0.8679 -0.1286
vn -0.8328 0.5067 -0.2231
vn -0.2434 -0.9677 -0.0652
vn -0.4800 -0.8678 -0.1286
vn -0.8328 -0.5067 -0.2231
vn -0.4926 0.8679 -0.0648
vn -0.2494 0.9678 -0.0328
vn -0.8548 0.5066 -0.1125
vn -0.4927 -0.8678 -0.0649
vn -0.8548 -0.5066 -0.1125
vn -0.4906 0.8714 -0.0048
vn -0.2520 0.9677 -0.0024
vn -0.8602 0.5099 -0.0083
vn -0.2498 -0.9677 -0.0329
vn -0.4906 -0.8714 -0.0047
vn -0.8602 -0.5099 -0.0083
vn 0.2494 0.9678 -0.0328
vn 0.4906 0.8714 -0.0047
vn 0.4925 0.8679 -0.0649
vn 0.8608 0.5084 -0.0220
vn 0.8548 0.5066 -0.1125
vn 0.2495 -0.9678 -0.0328
vn 0.4906 -0.8714 -0.0047
vn 0.2521 -0.9677 -0.0025
vn 0.4927 -0.8678 -0.0649
vn 0.8602 -0.5099 -0.0082
vn 0.8549 -0.5065 -0.1125
vn 0.2431 0.9678 -0.0651
vn 0.4798 0.8679 -0.1285
vn 0.8328 0.5067 -0.2231
vn 0.2431 -0.9678 -0.0651
vn 0.4799 -0.8679 -0.1286
vn 0.8328 -0.5065 -0.2231
vn 0.4589 0.8679 -0.1901
vn 0.2325 0.9678 -0.0963
vn 0.7965 0.5067 -0.3299
vn 0.4591 -0.8678 -0.1902
vn 0.7966 -0.5065 -0.3300
vn 0.4303 0.8679 -0.2484
vn 0.2179 0.9678 -0.1258
vn 0.7467 0.5066 -0.4311
vn 0.2325 -0.9678 -0.0963
vn 0.4304 -0.8678 -0.2485
vn 0.7467 -0.5065 -0.4311
vn 0.3941 0.8679 -0.3024
vn 0.1996 0.9678 -0.1532
vn 0.6840 0.5066 -0.5249
vn 0.2179 -0.9678 -0.1258
vn 0.3942 -0.8678 -0.3025
vn 0.1779 0.9678 -0.1779
vn 0.3513 0.8679 -0.3512
vn 0.6097 0.5063 -0.6098
vn 0.1779 -0.9678 -0.1779
vn 0.1996 -0.9678 -0.1532
vn 0.3514 -0.8678 -0.3514
vn 0.6841 -0.5065 -0.5249
vn 0.3024 0.8679 -0.3942
vn 0.1532 0.9678 -0.1996
vn 0.5248 0.5066 -0.6840
vn 0.3025 -0.8678 -0.3943
vn 0.6097 -0.5065 -0.6097
vn 0.1258 0.9678 -0.2179
vn 0.2484 0.8679 -0.4302
vn 0.4311 0.5068 -0.7466
vn 0.1258 -0.9678 -0.2180
vn 0.1532 -0.9678 -0.1997
vn 0.2484 -0.8678 -0.4303
vn 0.5249 -0.5065 -0.6840
vn 0.0963 0.9678 -0.2324
vn 0.1901 0.8679 -0.4590
vn 0.3300 0.5066 -0.7966
vn 0.0963 -0.9678 -0.2324
vn 0.1902 -0.8678 -0.4591
vn 0.4311 -0.5066 -0.7467
vn 0.3300 -0.5068 -0.7964
vn 0.1286 0.8679 -0.4798
vn 0.0651 0.9678 -0.2430
vn 0.2232 0.5066 -0.8328
vn 0.1286 -0.8678 -0.4800
vn 0.2232 -0.5065 -0.8329
vn 0.0328 0.9678 -0.2495
vn 0.0648 0.8679 -0.4925
vn 0.1125 0.5066 -0.8548
vn 0.0651 -0.9678 -0.2431
vn 0.0649 -0.8678 -0.4927
vn 0.1125 -0.5065 -0.8548
vn 0.0161 0.8698 -0.4931
vn 0.0082 0.9677 -0.2519
vn 0.0282 0.5084 -0.8607
vn 0.0329 -0.9678 -0.2495
vn 0.0161 -0.8697 -0.4932
vn 0.0282 -0.5083 -0.8607
vn 0.0324 -0.1339 -0.9905
vn 0.0329 0.9678 0.2495
vn 0.0302 0.8735 0.4860
vn 0.0649 0.8679 0.4925
vn 0.0002 0.5116 0.8592
vn 0.1126 0.5066 0.8548
vn 0.0329 -0.9678 0.2495
vn 0.0158 -0.8413 0.5404
vn -0.0000 -0.9677 0.2522
vn 0.0649 -0.8679 0.4925
vn 0.0073 -0.5597 0.8287
vn 0.1126 -0.5066 0.8548
vn 0.1286 0.8679 0.4798
vn 0.0651 0.9678 0.2430
vn 0.2231 0.5067 0.8328
vn 0.0651 -0.9678 0.2431
vn 0.1286 -0.8679 0.4798
vn 0.2231 -0.5067 0.8328
vn 0.1901 0.8679 0.4589
vn 0.0963 0.9678 0.2324
vn 0.3299 0.5066 0.7965
vn 0.0963 -0.9678 0.2324
vn 0.3299 -0.5066 0.7965
vn 0.2484 0.8679 0.4302
vn 0.1258 0.9678 0.2178
vn 0.4311 0.5066 0.7467
vn 0.2484 -0.8679 0.4303
vn 0.1901 -0.8679 0.4589
vn 0.3024 0.8679 0.3941
vn 0.1532 0.9678 0.1996
vn 0.5249 0.5066 0.6840
vn 0.1532 -0.9678 0.1996
vn 0.1258 -0.9678 0.2180
vn 0.5248 -0.5067 0.6840
vn 0.4311 -0.5066 0.7467
vn 0.1779 0.9678 0.1779
vn 0.3513 0.8679 0.3512
vn 0.6097 0.5065 0.6097
vn 0.1779 -0.9678 0.1779
vn 0.3024 -0.8679 0.3941
vn 0.6097 -0.5065 0.6097
vn 0.3941 0.8679 0.3024
vn 0.1996 0.9678 0.1532
vn 0.6840 0.5066 0.5249
vn 0.3941 -0.8679 0.3024
vn 0.3513 -0.8679 0.3512
vn 0.6840 -0.5066 0.5249
vn 0.4303 0.8679 0.2484
vn 0.2179 0.9678 0.1258
vn 0.7467 0.5065 0.4311
vn 0.1996 -0.9678 0.1532
vn 0.4303 -0.8679 0.2484
vn 0.7467 -0.5065 0.4311
vn 0.2325 0.9678 0.0963
vn 0.4589 0.8679 0.1901
vn 0.7965 0.5066 0.3300
vn 0.2325 -0.9678 0.0963
vn 0.2179 -0.9678 0.1258
vn 0.4589 -0.8679 0.1901
vn 0.7965 -0.5066 0.3300
vn 0.2431 0.9678 0.0651
vn 0.4797 0.8679 0.1285
vn 0.8328 0.5066 0.2231
vn 0.2431 -0.9678 0.0652
vn 0.4797 -0.8679 0.1285
vn 0.8328 -0.5066 0.2231
vn 0.4926 0.8679 0.0649
vn 0.2494 0.9678 0.0328
vn 0.8548 0.5066 0.1125
vn 0.4926 -0.8679 0.0649
vn 0.8548 -0.5066 0.1125
vn 0.4931 0.8698 0.0161
vn 0.2518 0.9677 0.0082
vn 0.8607 0.5083 0.0282
vn 0.2495 -0.9678 0.0328
vn 0.4931 -0.8698 0.0161
vn 0.8607 -0.5084 0.0282
vn 0.9905 -0.1339 0.0324
vn -0.0000 -0.5105 -0.8599
vn -0.0000 -0.8719 -0.4897
vn -0.2519 0.9677 0.0082
vn -0.0270 0.1345 -0.9905
vn -0.0234 0.5084 -0.8608
vn -0.0134 0.8699 -0.4931
vn -0.0082 0.9677 -0.2519
vn -0.0000 0.9677 -0.2521
vn -0.0000 1.0000 0.0001
vn -0.0000 -1.0000 0.0001
vn -0.0000 -1.0000 -0.0001
vn -0.0092 0.8708 0.4916
vn 0.0082 0.9678 0.2518
vn -0.0000 0.9677 0.2521
vn -0.0000 -0.9677 -0.2522
vn -0.0000 -0.9677 -0.2521
vn -0.0000 -0.5104 -0.8599
vn 0.0082 -0.9677 -0.2519
vn -0.0000 -0.5106 -0.8598
vn -0.0000 -0.9676 -0.2525
vn 0.2518 -0.9677 0.0082
vn -0.0160 0.5085 0.8609
vn -0.0184 0.1326 0.9910
vn -0.0145 -0.1341 0.9909
vn -0.0003 -0.4945 0.8692
vn -0.0513 -0.7807 0.6229
vn -0.0070 -0.8708 0.4916
vn -0.0178 0.5085 -0.8609
vn -0.0102 0.8699 -0.4931
vn -0.0205 0.1344 -0.9907
vn -0.0000 0.9677 -0.2522
vn 0.0183 0.5085 -0.8609
vn 0.0105 0.8699 -0.4931
vn 0.0210 0.1341 -0.9907
vn 0.0237 0.5084 -0.8608
vn 0.0136 0.8699 -0.4931
vn -0.0202 -0.9625 0.2705
vn -0.0000 -0.9677 0.2521
vn -0.2521 -0.9677 -0.0024
vn 0.0628 -0.9865 0.1514
vn 0.2520 0.9677 -0.0026
vt 0.953396 0.774008
vt 0.952517 0.768957
vt 0.953396 0.768957
vt 0.941302 0.956355
vt 0.940444 0.951180
vt 0.941302 0.951180
vt 0.950708 0.961530
vt 0.964904 0.956355
vt 0.964904 0.961530
vt 0.980576 0.743703
vt 0.987124 0.748754
vt 0.980576 0.748754
vt 0.961123 0.738652
vt 0.954672 0.743703
vt 0.954672 0.738652
vt 0.980576 0.758855
vt 0.987124 0.753805
vt 0.987124 0.758855
vt 0.961123 0.748754
vt 0.954672 0.753805
vt 0.954672 0.748754
vt 0.941302 0.904604
vt 0.940444 0.899429
vt 0.941302 0.899429
vt 0.940444 0.894253
vt 0.941302 0.894253
vt 0.980576 0.779058
vt 0.987124 0.774008
vt 0.987124 0.779059
vt 0.953396 0.784109
vt 0.952517 0.779059
vt 0.953396 0.779058
vt 0.952517 0.763906
vt 0.953396 0.763906
vt 0.953396 0.794211
vt 0.952517 0.789160
vt 0.953396 0.789160
vt 0.941302 0.920129
vt 0.940444 0.914954
vt 0.941302 0.914954
vt 0.961123 0.799262
vt 0.954672 0.794211
vt 0.961123 0.794211
vt 0.980576 0.728551
vt 0.987123 0.723500
vt 0.987124 0.728551
vt 0.950708 0.899429
vt 0.964904 0.894253
vt 0.964904 0.899429
vt 0.941302 0.909779
vt 0.940444 0.904604
vt 0.940444 0.909779
vt 0.952517 0.784109
vt 0.953396 0.753805
vt 0.952517 0.748754
vt 0.953396 0.748754
vt 0.950708 0.930479
vt 0.964904 0.935654
vt 0.950708 0.935654
vt 0.948843 0.925304
vt 0.942547 0.920129
vt 0.948843 0.920129
vt 0.950708 0.940829
vt 0.964904 0.946005
vt 0.950708 0.946005
vt 0.948843 0.930479
vt 0.942547 0.935654
vt 0.942546 0.930479
vt 0.980576 0.784109
vt 0.987124 0.789160
vt 0.980576 0.789160
vt 0.948843 0.946005
vt 0.942547 0.940829
vt 0.948843 0.940829
vt 0.948843 0.956355
vt 0.942547 0.951180
vt 0.948843 0.951180
vt 0.987124 0.794211
vt 0.980576 0.794211
vt 0.941302 0.925304
vt 0.940444 0.920129
vt 0.941302 0.966705
vt 0.940444 0.961530
vt 0.941302 0.961530
vt 0.941302 0.977055
vt 0.940444 0.971880
vt 0.941302 0.971880
vt 0.967829 0.956355
vt 0.974219 0.951180
vt 0.974219 0.956355
vt 0.967829 0.935654
vt 0.974219 0.940829
vt 0.967829 0.940829
vt 0.967829 0.909779
vt 0.974219 0.914954
vt 0.967829 0.914954
vt 0.963034 0.733602
vt 0.977579 0.738652
vt 0.963034 0.738652
vt 0.952517 0.743703
vt 0.953396 0.743703
vt 0.967829 0.899429
vt 0.974219 0.894253
vt 0.974219 0.899429
vt 0.967829 0.904604
vt 0.974219 0.909779
vt 0.940444 0.956355
vt 0.953396 0.758855
vt 0.952517 0.753805
vt 0.963034 0.753805
vt 0.977579 0.758855
vt 0.963034 0.758855
vt 0.963034 0.789160
vt 0.977579 0.784109
vt 0.977579 0.789160
vt 0.987124 0.733602
vt 0.980576 0.733602
vt 0.980576 0.768957
vt 0.980576 0.774008
vt 0.952517 0.774008
vt 0.963034 0.763906
vt 0.977579 0.768957
vt 0.963034 0.768957
vt 0.987124 0.784109
vt 0.977579 0.794211
vt 0.963034 0.799262
vt 0.963034 0.794211
vt 0.967829 0.966705
vt 0.974219 0.961530
vt 0.974219 0.966705
vt 0.950708 0.966705
vt 0.964904 0.966705
vt 0.963034 0.748754
vt 0.977579 0.753805
vt 0.940444 0.946005
vt 0.941302 0.946005
vt 0.967829 0.930479
vt 0.974219 0.925304
vt 0.974219 0.930479
vt 0.950708 0.925304
vt 0.964904 0.930479
vt 0.977579 0.743703
vt 0.963034 0.743703
vt 0.950708 0.951180
vt 0.964904 0.951180
vt 0.974219 0.904604
vt 0.977579 0.748754
vt 0.963034 0.804312
vt 0.977579 0.799262
vt 0.977579 0.804312
vt 0.987124 0.763906
vt 0.980576 0.763906
vt 0.952517 0.758856
vt 0.953396 0.804312
vt 0.952517 0.799262
vt 0.953396 0.799262
vt 0.977579 0.763906
vt 0.950708 0.971880
vt 0.964904 0.971880
vt 0.980576 0.753805
vt 0.950708 0.920129
vt 0.964904 0.925304
vt 0.967829 0.977055
vt 0.974219 0.971880
vt 0.974219 0.977055
vt 0.987124 0.738652
vt 0.980576 0.738652
vt 0.941302 0.930479
vt 0.940444 0.925304
vt 0.967829 0.946005
vt 0.967829 0.951180
vt 0.967829 0.920129
vt 0.974219 0.920129
vt 0.964904 0.904604
vt 0.950708 0.909779
vt 0.950708 0.904604
vt 0.974219 0.946005
vt 0.974219 0.935654
vt 0.941302 0.940829
vt 0.940444 0.935654
vt 0.941302 0.935654
vt 0.987124 0.743703
vt 0.964904 0.909779
vt 0.950708 0.914954
vt 0.963034 0.784109
vt 0.977579 0.779059
vt 0.967829 0.971880
vt 0.987124 0.768957
vt 0.967829 0.925304
vt 0.964904 0.940829
vt 0.953396 0.733602
vt 0.952517 0.728551
vt 0.953396 0.728551
vt 0.964904 0.914954
vt 0.963034 0.779059
vt 0.977579 0.774008
vt 0.967829 0.961530
vt 0.963034 0.774008
vt 0.950708 0.956355
vt 0.950708 0.977055
vt 0.977579 0.728551
vt 0.977579 0.733602
vt 0.963034 0.728551
vt 0.977579 0.723500
vt 0.940444 0.940829
vt 0.975693 0.899429
vt 0.975693 0.930479
vt 0.948843 0.909779
vt 0.942547 0.914954
vt 0.942547 0.909779
vt 0.975693 0.977055
vt 0.948843 0.966705
vt 0.942547 0.971880
vt 0.942547 0.966705
vt 0.988634 0.768957
vt 0.988634 0.753805
vt 0.988634 0.763906
vt 0.975693 0.966705
vt 0.988634 0.758856
vt 0.948843 0.904604
vt 0.942547 0.904604
vt 0.948843 0.977055
vt 0.948843 0.971880
vt 0.961123 0.768957
vt 0.954672 0.774008
vt 0.954672 0.768957
vt 0.942547 0.946005
vt 0.948843 0.899429
vt 0.942547 0.894253
vt 0.948843 0.894253
vt 0.961123 0.774008
vt 0.954672 0.779058
vt 0.940444 0.930479
vt 0.975693 0.961530
vt 0.975693 0.971880
vt 0.988634 0.784109
vt 0.961123 0.763906
vt 0.954672 0.763906
vt 0.975693 0.925304
vt 0.975693 0.904604
vt 0.961123 0.728551
vt 0.954672 0.733602
vt 0.954672 0.728551
vt 0.988634 0.748754
vt 0.988634 0.779059
vt 0.961123 0.733602
vt 0.988634 0.743703
vt 0.988634 0.733602
vt 0.988634 0.738652
vt 0.961123 0.784109
vt 0.961123 0.779058
vt 0.942547 0.899429
vt 0.961123 0.758855
vt 0.954672 0.758855
vt 0.961123 0.753805
vt 0.988634 0.789160
vt 0.942547 0.961530
vt 0.942546 0.956355
vt 0.953396 0.738652
vt 0.952517 0.733602
vt 0.961123 0.804312
vt 0.954672 0.799262
vt 0.952517 0.738652
vt 0.988634 0.794211
vt 0.987124 0.799262
vt 0.988634 0.804312
vt 0.987123 0.804312
vt 0.948843 0.935654
vt 0.954672 0.789160
vt 0.954672 0.784109
vt 0.942547 0.925304
vt 0.975693 0.951180
vt 0.975693 0.920129
vt 0.988634 0.799262
vt 0.961123 0.723500
vt 0.952517 0.723500
vt 0.953396 0.723500
vt 0.975693 0.956355
vt 0.961123 0.789160
vt 0.988634 0.728551
vt 0.948843 0.961530
vt 0.975693 0.909779
vt 0.975693 0.946005
vt 0.954672 0.723500
vt 0.975693 0.914954
vt 0.948843 0.914954
vt 0.940444 0.966705
vt 0.975693 0.935654
vt 0.975693 0.940829
vt 0.961123 0.743703
vt 0.988634 0.774008
vt 0.305092 0.931178
vt 0.301573 0.917833
vt 0.305092 0.917833
vt 0.929602 0.294457
vt 0.916955 0.298160
vt 0.916955 0.294457
vt 0.039492 0.917833
vt 0.043012 0.931178
vt 0.039492 0.931178
vt 0.340087 0.931178
vt 0.336588 0.917833
vt 0.340087 0.917833
vt 0.035992 0.917833
vt 0.035992 0.931178
vt 0.336588 0.931178
vt 0.333088 0.917833
vt 0.333088 0.931178
vt 0.329589 0.917833
vt 0.329589 0.931178
vt 0.326089 0.917833
vt 0.326089 0.931178
vt 0.322590 0.917833
vt 0.322590 0.931178
vt 0.319090 0.917833
vt 0.319090 0.931178
vt 0.315591 0.917833
vt 0.315591 0.931178
vt 0.312092 0.917833
vt 0.312092 0.931178
vt 0.308592 0.917833
vt 0.308592 0.931178
vt 0.303911 0.692521
vt 0.301342 0.698723
vt 0.291929 0.708135
vt 0.001856 0.020040
vt 0.004425 0.013838
vt 0.013838 0.004425
vt 0.301573 0.931178
vt 0.043012 0.917833
vt 0.938404 0.000977
vt 0.953178 0.046857
vt 0.938404 0.046857
vt 0.929602 0.334979
vt 0.916955 0.338682
vt 0.916955 0.334979
vt 0.004497 0.917833
vt 0.007996 0.931178
vt 0.004497 0.931178
vt 0.007996 0.917833
vt 0.011496 0.931178
vt 0.011496 0.917833
vt 0.014995 0.931178
vt 0.014995 0.917833
vt 0.018495 0.931178
vt 0.018495 0.917833
vt 0.021994 0.931178
vt 0.021994 0.917833
vt 0.025494 0.931178
vt 0.025494 0.917833
vt 0.028993 0.931178
vt 0.028993 0.917833
vt 0.032493 0.931178
vt 0.032493 0.917833
vt 0.000977 0.917833
vt 0.000977 0.931178
vt 0.929602 0.649627
vt 0.916955 0.653309
vt 0.916955 0.649627
vt 0.929603 0.616490
vt 0.916955 0.620172
vt 0.916955 0.616490
vt 0.929603 0.620172
vt 0.916955 0.623854
vt 0.929603 0.623854
vt 0.916955 0.627536
vt 0.929603 0.627536
vt 0.916955 0.631217
vt 0.929603 0.631217
vt 0.916955 0.634899
vt 0.929603 0.634899
vt 0.916955 0.638581
vt 0.929602 0.638581
vt 0.916955 0.642263
vt 0.929602 0.642263
vt 0.916955 0.645945
vt 0.929602 0.645945
vt 0.929603 0.612787
vt 0.916955 0.612787
vt 0.929602 0.331297
vt 0.916955 0.331297
vt 0.929602 0.653309
vt 0.916955 0.657012
vt 0.929602 0.298160
vt 0.916955 0.301842
vt 0.929602 0.301842
vt 0.916955 0.305524
vt 0.929602 0.305524
vt 0.916955 0.309206
vt 0.929602 0.309206
vt 0.916955 0.312888
vt 0.929602 0.312888
vt 0.916955 0.316570
vt 0.929602 0.316570
vt 0.916955 0.320252
vt 0.929602 0.320252
vt 0.916955 0.323933
vt 0.929602 0.323933
vt 0.916955 0.327615
vt 0.929602 0.327615
vt 0.343633 0.931178
vt 0.343633 0.917833
vt 0.340087 0.916139
vt 0.343633 0.916986
vt 0.340087 0.916986
vt 0.340087 0.933721
vt 0.343633 0.932873
vt 0.343633 0.933721
vt 0.340087 0.932873
vt 0.343633 0.932025
vt 0.340087 0.932025
vt 0.340087 0.915291
vt 0.336588 0.916139
vt 0.336588 0.915291
vt 0.336588 0.916986
vt 0.336588 0.932873
vt 0.336588 0.932025
vt 0.333088 0.916139
vt 0.333088 0.915291
vt 0.333088 0.916986
vt 0.336588 0.933721
vt 0.333088 0.932873
vt 0.329589 0.915291
vt 0.329589 0.916139
vt 0.329589 0.916986
vt 0.329589 0.933721
vt 0.333088 0.933721
vt 0.329589 0.932873
vt 0.333088 0.932025
vt 0.326090 0.915291
vt 0.326089 0.916139
vt 0.326089 0.916986
vt 0.326090 0.933721
vt 0.326089 0.932873
vt 0.329589 0.932025
vt 0.322590 0.915291
vt 0.322590 0.916139
vt 0.322590 0.916986
vt 0.322590 0.933721
vt 0.322590 0.932873
vt 0.326089 0.932025
vt 0.319090 0.916139
vt 0.319090 0.915291
vt 0.319090 0.916986
vt 0.319090 0.932873
vt 0.322590 0.932025
vt 0.315591 0.916139
vt 0.315591 0.915291
vt 0.315591 0.916986
vt 0.319090 0.933721
vt 0.315591 0.932873
vt 0.319090 0.932025
vt 0.312092 0.915291
vt 0.312092 0.916139
vt 0.312092 0.916986
vt 0.312092 0.933721
vt 0.315591 0.933721
vt 0.312092 0.932873
vt 0.315591 0.932025
vt 0.312092 0.932025
vt 0.308592 0.915291
vt 0.308592 0.916139
vt 0.308592 0.916986
vt 0.308592 0.933721
vt 0.308592 0.932873
vt 0.308592 0.932025
vt 0.305092 0.916139
vt 0.305092 0.915291
vt 0.305092 0.916986
vt 0.305092 0.932873
vt 0.305092 0.932025
vt 0.301573 0.916139
vt 0.301573 0.915291
vt 0.301573 0.916986
vt 0.305092 0.933721
vt 0.301573 0.932873
vt 0.301573 0.932025
vt 0.004497 0.933721
vt 0.000977 0.932873
vt 0.004497 0.932873
vt 0.000977 0.932025
vt 0.004497 0.932025
vt 0.004497 0.915291
vt 0.000977 0.916139
vt 0.000977 0.915291
vt 0.004497 0.916139
vt 0.000977 0.916986
vt 0.004497 0.916986
vt 0.007996 0.932873
vt 0.007996 0.933721
vt 0.007996 0.932025
vt 0.007996 0.916139
vt 0.011496 0.932873
vt 0.011496 0.933721
vt 0.011496 0.932025
vt 0.007996 0.915291
vt 0.011496 0.916139
vt 0.007996 0.916986
vt 0.014995 0.933721
vt 0.014995 0.932873
vt 0.014995 0.932025
vt 0.014995 0.915291
vt 0.011496 0.915291
vt 0.014995 0.916139
vt 0.011496 0.916986
vt 0.018495 0.933721
vt 0.018495 0.932873
vt 0.018495 0.932025
vt 0.018495 0.915291
vt 0.018495 0.916139
vt 0.014995 0.916986
vt 0.021994 0.933721
vt 0.021994 0.932873
vt 0.021994 0.932025
vt 0.021994 0.915291
vt 0.021994 0.916139
vt 0.018495 0.916986
vt 0.025494 0.932873
vt 0.025494 0.933721
vt 0.025494 0.932025
vt 0.025494 0.916139
vt 0.021994 0.916986
vt 0.028993 0.932873
vt 0.028993 0.933721
vt 0.028993 0.932025
vt 0.025494 0.915291
vt 0.028993 0.916139
vt 0.025494 0.916986
vt 0.032493 0.933721
vt 0.032493 0.932873
vt 0.032493 0.932025
vt 0.032493 0.915291
vt 0.028993 0.915291
vt 0.032493 0.916139
vt 0.028993 0.916986
vt 0.032493 0.916986
vt 0.035992 0.933721
vt 0.035992 0.932873
vt 0.035992 0.932025
vt 0.035992 0.915291
vt 0.035992 0.916139
vt 0.035992 0.916986
vt 0.039492 0.932873
vt 0.039492 0.933721
vt 0.039492 0.932025
vt 0.039492 0.916139
vt 0.039492 0.916986
vt 0.043012 0.932873
vt 0.043012 0.933721
vt 0.043012 0.932025
vt 0.039492 0.915291
vt 0.043012 0.916139
vt 0.043012 0.916986
vt 0.914545 0.616490
vt 0.915349 0.612787
vt 0.915349 0.616490
vt 0.916152 0.612787
vt 0.916152 0.616490
vt 0.932012 0.616490
vt 0.931207 0.612787
vt 0.932012 0.612787
vt 0.931207 0.616490
vt 0.930405 0.612787
vt 0.930405 0.616490
vt 0.914545 0.620172
vt 0.915349 0.620172
vt 0.916152 0.620172
vt 0.932012 0.620172
vt 0.931207 0.620172
vt 0.930405 0.620172
vt 0.915349 0.623854
vt 0.914545 0.623854
vt 0.916152 0.623854
vt 0.931207 0.623854
vt 0.930405 0.623854
vt 0.915349 0.627536
vt 0.914545 0.627536
vt 0.916152 0.627536
vt 0.932012 0.623854
vt 0.931207 0.627536
vt 0.930405 0.627536
vt 0.915349 0.631217
vt 0.914545 0.631217
vt 0.916152 0.631217
vt 0.932012 0.627536
vt 0.931207 0.631217
vt 0.914545 0.634899
vt 0.915349 0.634899
vt 0.916152 0.634899
vt 0.932012 0.634899
vt 0.932012 0.631217
vt 0.931207 0.634899
vt 0.930405 0.631217
vt 0.915349 0.638581
vt 0.914545 0.638581
vt 0.916152 0.638581
vt 0.931207 0.638581
vt 0.930405 0.634899
vt 0.914545 0.642263
vt 0.915349 0.642263
vt 0.916152 0.642263
vt 0.932012 0.642263
vt 0.932012 0.638581
vt 0.931207 0.642263
vt 0.930405 0.638581
vt 0.914545 0.645945
vt 0.915349 0.645945
vt 0.916152 0.645945
vt 0.932012 0.645945
vt 0.931207 0.645945
vt 0.930405 0.642263
vt 0.930405 0.645945
vt 0.915349 0.649627
vt 0.914545 0.649627
vt 0.916152 0.649627
vt 0.931207 0.649627
vt 0.930405 0.649627
vt 0.914545 0.653309
vt 0.915349 0.653309
vt 0.916152 0.653309
vt 0.932012 0.649627
vt 0.931207 0.653309
vt 0.930405 0.653309
vt 0.915349 0.657012
vt 0.914545 0.657012
vt 0.916152 0.657012
vt 0.932012 0.653309
vt 0.931207 0.657012
vt 0.930405 0.657012
vt 0.929603 0.657012
vt 0.914545 0.298160
vt 0.915349 0.294457
vt 0.915349 0.298160
vt 0.916152 0.294457
vt 0.916152 0.298160
vt 0.932011 0.298160
vt 0.931207 0.294457
vt 0.932011 0.294457
vt 0.931207 0.298160
vt 0.930405 0.294457
vt 0.930405 0.298160
vt 0.915349 0.301842
vt 0.914545 0.301842
vt 0.916152 0.301842
vt 0.932011 0.301842
vt 0.931207 0.301842
vt 0.930405 0.301842
vt 0.915349 0.305524
vt 0.914545 0.305524
vt 0.916152 0.305524
vt 0.932011 0.305524
vt 0.930405 0.305524
vt 0.915349 0.309206
vt 0.914545 0.309206
vt 0.916152 0.309206
vt 0.931207 0.309206
vt 0.931207 0.305524
vt 0.915349 0.312888
vt 0.914545 0.312888
vt 0.916152 0.312888
vt 0.932011 0.312888
vt 0.932011 0.309206
vt 0.930405 0.312888
vt 0.930405 0.309206
vt 0.914545 0.316570
vt 0.915349 0.316570
vt 0.916152 0.316570
vt 0.932011 0.316570
vt 0.931207 0.312888
vt 0.930405 0.316570
vt 0.915349 0.320252
vt 0.914545 0.320252
vt 0.916152 0.320252
vt 0.931207 0.320252
vt 0.931207 0.316570
vt 0.930405 0.320252
vt 0.915349 0.323933
vt 0.914545 0.323933
vt 0.916152 0.323933
vt 0.932011 0.320252
vt 0.931207 0.323933
vt 0.930405 0.323933
vt 0.914545 0.327615
vt 0.915349 0.327615
vt 0.916152 0.327615
vt 0.932011 0.327615
vt 0.932011 0.323933
vt 0.931207 0.327615
vt 0.930405 0.327615
vt 0.914545 0.331297
vt 0.915349 0.331297
vt 0.916152 0.331297
vt 0.932011 0.331297
vt 0.931207 0.331297
vt 0.930405 0.331297
vt 0.915349 0.334979
vt 0.914545 0.334979
vt 0.916152 0.334979
vt 0.931207 0.334979
vt 0.930405 0.334979
vt 0.915349 0.338682
vt 0.914545 0.338682
vt 0.916152 0.338682
vt 0.932011 0.334979
vt 0.931207 0.338682
vt 0.930405 0.338682
vt 0.929602 0.338682
vt 0.953178 0.507593
vt 0.954116 0.555322
vt 0.953178 0.555322
vt 0.954116 0.507593
vt 0.955053 0.555322
vt 0.955053 0.507593
vt 0.955993 0.555322
vt 0.301573 0.933721
vt 0.938404 0.507593
vt 0.937466 0.555322
vt 0.937466 0.507593
vt 0.936527 0.555322
vt 0.936527 0.507593
vt 0.935588 0.555322
vt 0.935588 0.507593
vt 0.493545 0.507488
vt 0.497597 0.502207
vt 0.503747 0.499660
vt 0.846919 0.643529
vt 0.842867 0.648809
vt 0.836717 0.651356
vt 0.001856 0.692521
vt 0.001200 0.689222
vt 0.016854 0.709623
vt 0.000977 0.685816
vt 0.002937 0.695706
vt 0.006294 0.701520
vt 0.004425 0.698723
vt 0.011041 0.706267
vt 0.008512 0.704049
vt 0.013838 0.708136
vt 0.023339 0.711361
vt 0.020040 0.710705
vt 0.066587 0.633947
vt 0.026745 0.711584
vt 0.285727 0.710705
vt 0.282428 0.711361
vt 0.304790 0.685816
vt 0.288912 0.709623
vt 0.297255 0.704049
vt 0.294726 0.706267
vt 0.299473 0.701520
vt 0.302830 0.695706
vt 0.304567 0.689222
vt 0.303911 0.020040
vt 0.304567 0.023339
vt 0.288913 0.002938
vt 0.304790 0.026745
vt 0.302830 0.016855
vt 0.299473 0.011041
vt 0.301342 0.013838
vt 0.294726 0.006294
vt 0.297255 0.008512
vt 0.291929 0.004425
vt 0.282428 0.001200
vt 0.285727 0.001856
vt 0.279022 0.000977
vt 0.020040 0.001856
vt 0.023339 0.001200
vt 0.000977 0.026745
vt 0.026745 0.000977
vt 0.016854 0.002937
vt 0.008512 0.008512
vt 0.011041 0.006294
vt 0.006294 0.011041
vt 0.002937 0.016855
vt 0.001200 0.023339
vt 0.505450 0.499548
vt 0.492565 0.512433
vt 0.500505 0.500529
vt 0.502097 0.499988
vt 0.498996 0.501273
vt 0.495224 0.504581
vt 0.496333 0.503316
vt 0.494289 0.505979
vt 0.492677 0.510730
vt 0.493005 0.509081
vt 0.493005 0.641936
vt 0.492677 0.640286
vt 0.503747 0.651356
vt 0.492565 0.638583
vt 0.494289 0.645037
vt 0.493545 0.643529
vt 0.496333 0.647700
vt 0.495224 0.646435
vt 0.498996 0.649744
vt 0.497597 0.648809
vt 0.502097 0.651028
vt 0.500505 0.650488
vt 0.835014 0.651468
vt 0.847899 0.638583
vt 0.835014 0.499548
vt 0.810669 0.529227
vt 0.810669 0.499548
vt 0.839960 0.650488
vt 0.838367 0.651028
vt 0.841468 0.649744
vt 0.845240 0.646435
vt 0.844131 0.647700
vt 0.846175 0.645037
vt 0.847787 0.640286
vt 0.847459 0.641936
vt 0.847459 0.509081
vt 0.847787 0.510730
vt 0.847899 0.512433
vt 0.846175 0.505979
vt 0.846919 0.507488
vt 0.844131 0.503316
vt 0.845240 0.504581
vt 0.841468 0.501273
vt 0.842867 0.502207
vt 0.838367 0.499988
vt 0.839960 0.500529
vt 0.836717 0.499660
vt 0.279022 0.711584
vt 0.000977 0.569813
vt 0.066587 0.148548
vt 0.066587 0.569813
vt 0.304790 0.355517
vt 0.032250 0.612673
vt 0.042609 0.608381
vt 0.037856 0.584487
vt 0.021890 0.587662
vt 0.915349 0.000977
vt 0.914545 0.294457
vt 0.914545 0.000977
vt 0.066587 0.081779
vt 0.000977 0.081778
vt 0.046900 0.114492
vt 0.037856 0.100957
vt 0.000977 0.148548
vt 0.018715 0.120098
vt 0.955053 0.102244
vt 0.955993 0.046857
vt 0.955993 0.102244
vt 0.953178 0.102244
vt 0.954116 0.046857
vt 0.954116 0.102244
vt 0.955053 0.046857
vt 0.776344 0.529227
vt 0.565740 0.499548
vt 0.776344 0.499548
vt 0.955993 0.000977
vt 0.954116 0.000977
vt 0.955053 0.000977
vt 0.784345 0.517990
vt 0.532975 0.529227
vt 0.532975 0.499548
vt 0.544147 0.510006
vt 0.953178 0.452616
vt 0.954116 0.452616
vt 0.955053 0.452616
vt 0.955993 0.452616
vt 0.955993 0.507593
vt 0.565740 0.529227
vt 0.669850 0.651468
vt 0.932011 0.338682
vt 0.505553 0.651358
vt 0.018715 0.603628
vt 0.000977 0.633947
vt 0.046900 0.598022
vt 0.032250 0.129142
vt 0.021890 0.104132
vt 0.042609 0.124851
vt 0.791113 0.522512
vt 0.785933 0.510006
vt 0.793917 0.508418
vt 0.796293 0.520366
vt 0.798439 0.515186
vt 0.542559 0.517990
vt 0.552131 0.508418
vt 0.548088 0.521684
vt 0.556653 0.515186
vt 0.554508 0.520366
vt 0.621280 0.932025
vt 0.621280 0.931178
vt 0.621280 0.917833
vt 0.621280 0.916986
vt 0.343633 0.916139
vt 0.621280 0.916139
vt 0.621280 0.932873
vt 0.621280 0.933721
vt 0.937466 0.452616
vt 0.936527 0.452616
vt 0.938404 0.452616
vt 0.938404 0.555322
vt 0.935588 0.452616
vt 0.937466 0.102244
vt 0.936527 0.102244
vt 0.938404 0.102244
vt 0.935588 0.102244
vt 0.937466 0.046857
vt 0.936527 0.000977
vt 0.937466 0.000977
vt 0.935588 0.000977
vt 0.936527 0.046857
vt 0.935588 0.046857
vt 0.343633 0.915291
vt 0.621280 0.915291
vt 0.931207 0.000977
vt 0.932012 0.000977
vt 0.929602 0.000977
vt 0.916955 0.000977
vt 0.916152 0.000977
vt 0.930405 0.000977
vt 0.043012 0.915291
vt 0.950708 0.894253
vt 0.980576 0.723500
vt 0.980576 0.804312
vt 0.980576 0.799262
vt 0.967829 0.894253
vt 0.964904 0.920129
vt 0.964904 0.977055
vt 0.954672 0.804312
vt 0.942547 0.977055
vt 0.952517 0.794211
vt 0.940444 0.977055
vt 0.952517 0.804312
vt 0.963034 0.723500
vt 0.975693 0.894253
vt 0.988634 0.723500
vt 0.953178 0.000977
vt 0.000977 0.933721
vt 0.914545 0.612787
vt 0.932012 0.657012
s 1
usemtl Material.001
f 717/1/1 39/2/2 721/3/3
f 746/4/4 71/5/5 773/6/6
f 647/7/7 696/8/8 712/9/9
f 697/10/10 26/11/11 699/12/12
f 622/13/13 747/14/14 750/15/15
f 703/16/16 22/17/11 28/18/11
f 624/19/17 741/20/18 751/21/19
f 730/22/20 44/23/21 727/24/22
f 727/24/22 42/25/23 725/26/24
f 671/27/25 11/28/11 12/29/11
f 733/30/26 38/31/5 720/32/6
f 721/3/3 40/33/27 724/34/28
f 739/35/29 50/36/30 736/37/31
f 770/38/32 52/39/33 738/40/34
f 586/41/35 740/42/36 612/43/37
f 705/44/38 2/45/11 29/46/11
f 599/47/39 653/48/40 656/49/41
f 731/50/42 46/51/43 730/22/20
f 738/40/34 48/52/44 731/50/42
f 736/37/31 49/53/45 733/30/26
f 742/54/46 59/55/47 752/56/48
f 643/57/49 678/58/50 631/59/51
f 640/60/52 769/61/53 642/62/17
f 635/63/54 682/64/55 629/65/56
f 644/66/57 759/67/58 772/68/59
f 683/69/60 20/70/11 687/71/61
f 630/72/62 764/73/63 636/74/64
f 618/75/65 774/76/66 646/77/67
f 687/71/61 21/78/11 689/79/68
f 768/80/46 68/81/47 770/38/32
f 765/82/29 72/83/30 776/84/31
f 725/85/24 64/86/69 762/87/70
f 695/88/60 19/89/11 24/90/11
f 677/91/71 16/92/11 679/93/72
f 659/94/73 7/95/11 661/96/10
f 615/97/74 702/98/75 621/99/76
f 752/56/48 57/100/33 748/101/77
f 655/102/78 3/103/11 4/104/11
f 657/105/79 6/106/11 659/94/73
f 776/84/31 56/107/45 746/4/4
f 753/108/80 54/109/81 742/54/46
f 613/110/82 704/111/83 625/112/84
f 607/113/85 684/114/8 688/115/9
f 705/44/38 23/116/11 693/117/79
f 673/118/86 11/28/11 669/119/87
f 720/32/6 37/120/88 717/1/1
f 595/121/89 674/122/90 593/123/91
f 671/27/25 18/124/11 683/69/60
f 690/125/92 585/126/93 611/127/94
f 707/128/68 32/129/11 30/130/11
f 637/131/95 712/9/9 708/132/92
f 623/133/96 692/134/97 613/110/82
f 773/6/6 62/135/88 758/136/1
f 667/137/16 9/138/11 10/139/11
f 639/140/82 668/141/83 643/57/49
f 621/99/76 698/142/98 619/143/99
f 645/144/100 682/64/55 686/145/101
f 655/102/78 5/146/11 657/105/79
f 619/143/99 700/147/102 623/133/96
f 588/148/103 650/149/104 651/150/105
f 703/16/16 14/151/11 675/152/71
f 724/34/28 60/153/106 753/108/80
f 715/154/24 34/155/69 714/156/70
f 625/112/84 676/157/50 595/121/89
f 633/158/107 708/132/92 710/159/104
f 691/160/108 26/11/11 22/17/11
f 641/161/96 666/162/97 639/140/82
f 654/163/109 31/164/11 3/165/11
f 693/117/79 27/166/11 701/167/110
f 771/168/80 67/169/81 768/80/46
f 681/170/111 19/89/11 685/171/112
f 663/172/113 7/95/11 8/173/11
f 658/174/114 603/175/76 601/176/115
f 611/127/94 688/115/9 690/125/92
f 681/170/111 16/92/11 17/177/11
f 667/137/16 15/178/11 677/91/71
f 763/179/3 63/180/27 760/181/28
f 697/10/10 27/166/11 25/182/11
f 660/183/116 609/184/99 603/175/76
f 605/185/117 672/186/118 684/114/8
f 707/128/68 31/164/11 709/187/119
f 675/152/71 13/188/11 673/118/86
f 665/189/108 8/173/11 9/138/11
f 631/59/51 680/190/120 635/63/54
f 743/191/121 61/192/21 756/193/22
f 662/194/122 641/161/96 609/184/99
f 591/195/100 670/196/123 672/186/118
f 601/176/115 656/49/41 658/174/114
f 695/88/60 32/129/11 711/197/61
f 593/123/91 670/196/123 589/198/56
f 617/199/117 686/145/101 696/8/8
f 710/159/104 598/200/103 633/158/107
f 615/97/74 706/201/41 694/202/124
f 627/203/39 651/204/105 706/201/41
f 758/136/1 65/205/2 763/179/3
f 3/103/23 43/206/21 4/104/21
f 9/138/81 74/207/106 10/139/106
f 604/208/13 737/209/14 732/210/125
f 31/164/69 41/211/23 3/165/23
f 638/212/37 761/213/126 766/214/36
f 14/151/27 77/215/2 13/188/2
f 26/11/47 86/216/81 22/17/81
f 28/18/106 78/217/27 14/151/27
f 32/129/30 94/218/127 30/130/127
f 22/17/81 92/219/106 28/18/106
f 602/220/128 732/210/125 729/221/129
f 597/222/130 761/213/126 634/223/35
f 594/224/64 718/225/131 722/226/63
f 630/72/62 774/76/66 757/227/131
f 600/228/132 726/229/133 597/230/130
f 590/231/62 719/232/66 718/225/131
f 760/181/28 70/233/106 771/168/80
f 24/90/45 96/234/30 32/129/30
f 30/130/127 95/235/69 31/164/69
f 12/29/5 82/236/45 18/124/45
f 596/237/134 722/226/63 723/238/58
f 8/173/47 73/239/81 9/138/81
f 4/104/21 45/240/43 5/146/43
f 628/241/132 744/242/129 755/243/135
f 25/182/33 90/244/47 26/11/47
f 11/28/88 76/245/5 12/29/5
f 622/13/13 744/242/129 616/246/128
f 27/166/44 89/247/33 25/182/33
f 29/46/21 87/248/43 23/116/43
f 23/116/43 91/249/44 27/166/44
f 606/250/65 719/232/66 592/251/67
f 600/228/132 729/221/129 728/252/135
f 626/253/136 723/238/58 754/254/137
f 626/253/136 741/20/18 614/255/52
f 18/124/45 84/256/30 20/70/30
f 618/75/65 775/257/138 745/258/139
f 749/259/140 55/260/43 743/191/121
f 587/261/130 713/262/126 586/41/35
f 748/101/77 58/263/44 749/259/140
f 20/70/30 85/264/127 21/78/127
f 1/265/69 35/266/23 2/267/23
f 632/268/134 764/73/63 759/67/58
f 606/250/65 735/269/138 734/270/139
f 644/66/57 767/271/18 640/60/52
f 17/177/88 83/272/5 19/89/5
f 7/95/33 69/273/47 8/173/47
f 21/78/127 33/274/69 1/265/69
f 587/275/130 627/203/39 628/241/132
f 756/193/22 36/276/23 715/277/24
f 19/89/5 88/278/45 24/90/45
f 612/43/37 735/269/138 608/279/141
f 2/45/23 93/280/21 29/46/21
f 638/212/37 775/257/138 648/281/142
f 5/146/43 47/282/44 6/106/44
f 16/92/2 81/283/88 17/177/88
f 628/241/132 716/284/133 587/275/130
f 6/106/44 51/285/33 7/95/33
f 642/62/17 737/209/14 610/286/143
f 762/87/70 66/287/127 765/82/29
f 10/139/106 79/288/27 15/178/27
f 15/178/27 80/289/2 16/92/2
f 620/290/143 751/21/19 747/14/14
f 13/188/2 75/291/88 11/28/88
f 151/292/144 99/293/145 142/294/146
f 582/295/147 355/296/148 347/297/149
f 203/298/150 251/299/151 294/300/152
f 191/301/153 106/302/154 102/303/155
f 207/304/156 294/300/152 290/305/157
f 187/306/158 110/307/159 106/302/154
f 183/308/160 114/309/161 110/307/159
f 179/310/162 118/311/163 114/309/161
f 175/312/164 122/313/165 118/311/163
f 171/314/166 126/315/167 122/313/165
f 167/316/168 130/317/169 126/315/167
f 163/318/170 134/319/171 130/317/169
f 159/320/172 138/321/173 134/319/171
f 155/322/174 142/294/146 138/321/173
f 358/323/175 366/324/175 382/325/175
f 257/326/175 265/327/175 281/328/175
f 146/329/176 195/330/177 99/293/145
f 449/331/178 514/332/179 574/333/180
f 303/334/181 351/335/182 395/336/183
f 243/337/184 258/338/185 254/339/186
f 239/340/187 262/341/188 258/338/185
f 235/342/189 266/343/190 262/341/188
f 231/344/191 270/345/192 266/343/190
f 227/346/193 274/347/194 270/345/192
f 223/348/195 278/349/196 274/347/194
f 219/350/197 282/351/198 278/349/196
f 215/352/199 286/353/200 282/351/198
f 211/354/201 290/305/157 286/353/200
f 199/355/202 254/339/186 247/356/203
f 408/357/204 493/358/205 489/359/206
f 444/360/207 457/361/208 453/362/209
f 440/363/210 461/364/211 457/361/208
f 436/365/212 465/366/213 461/364/211
f 432/367/214 469/368/215 465/366/213
f 428/369/216 473/370/217 469/368/215
f 424/371/218 477/372/219 473/370/217
f 420/373/220 481/374/221 477/372/219
f 416/375/222 485/376/223 481/374/221
f 412/377/224 489/359/206 485/376/223
f 527/378/225 453/362/209 558/379/226
f 307/380/227 395/336/183 391/381/228
f 404/382/229 449/383/178 493/358/205
f 343/384/230 359/385/231 355/296/148
f 339/386/232 363/387/233 359/385/231
f 335/388/234 367/389/235 363/387/233
f 331/390/236 371/391/237 367/389/235
f 327/392/238 375/393/239 371/391/237
f 323/394/240 379/395/241 375/393/239
f 319/396/242 383/397/243 379/395/241
f 315/398/244 387/399/245 383/397/243
f 311/400/246 391/381/228 387/399/245
f 560/401/247 102/303/155 559/402/248
f 103/403/249 97/404/250 104/405/251
f 104/405/251 559/402/248 102/303/155
f 190/406/252 562/407/253 149/408/254
f 192/409/255 561/410/256 562/407/253
f 193/411/257 560/401/247 561/410/256
f 521/412/258 107/413/259 105/414/260
f 103/403/249 108/415/261 107/413/259
f 104/405/251 106/302/154 108/415/261
f 190/406/252 188/416/262 192/409/255
f 192/409/255 189/417/263 193/411/257
f 193/411/257 187/306/158 191/301/153
f 105/414/260 111/418/264 109/419/265
f 111/418/264 108/415/261 112/420/266
f 108/415/261 110/307/159 112/420/266
f 186/421/267 184/422/268 188/416/262
f 184/422/268 189/417/263 188/416/262
f 189/417/263 183/308/160 187/306/158
f 113/423/269 111/418/264 115/424/270
f 115/424/270 112/420/266 116/425/271
f 112/420/266 114/309/161 116/425/271
f 178/426/272 184/422/268 182/427/273
f 180/428/274 185/429/275 184/422/268
f 185/429/275 179/310/162 183/308/160
f 117/430/276 115/424/270 119/431/277
f 119/431/277 116/425/271 120/432/278
f 116/425/271 118/311/163 120/432/278
f 174/433/279 180/428/274 178/426/272
f 176/434/280 181/435/281 180/428/274
f 181/435/281 175/312/164 179/310/162
f 121/436/282 119/431/277 123/437/283
f 123/437/283 120/432/278 124/438/284
f 120/432/278 122/313/165 124/438/284
f 170/439/285 176/434/280 174/433/279
f 172/440/286 177/441/287 176/434/280
f 177/441/287 171/314/166 175/312/164
f 121/436/282 127/442/288 125/443/289
f 127/442/288 124/438/284 128/444/290
f 124/438/284 126/315/167 128/444/290
f 170/439/285 168/445/291 172/440/286
f 168/445/291 173/446/292 172/440/286
f 173/446/292 167/316/168 171/314/166
f 125/443/289 131/447/293 129/448/294
f 131/447/293 128/444/290 132/449/295
f 128/444/290 130/317/169 132/449/295
f 166/450/296 164/451/297 168/445/291
f 164/451/297 169/452/298 168/445/291
f 169/452/298 163/318/170 167/316/168
f 133/453/299 131/447/293 135/454/300
f 135/454/300 132/449/295 136/455/301
f 136/455/301 130/317/169 134/319/171
f 158/456/302 164/451/297 162/457/303
f 160/458/304 165/459/305 164/451/297
f 161/460/306 163/318/170 165/459/305
f 137/461/307 135/454/300 139/462/308
f 139/462/308 136/455/301 140/463/309
f 140/463/309 134/319/171 138/321/173
f 154/464/310 160/458/304 158/456/302
f 156/465/311 161/460/306 160/458/304
f 157/466/312 159/320/172 161/460/306
f 137/461/307 143/467/313 141/468/314
f 139/462/308 144/469/315 143/467/313
f 140/463/309 142/294/146 144/469/315
f 154/464/310 152/470/316 156/465/311
f 156/465/311 153/471/317 157/466/312
f 157/466/312 151/292/144 155/322/174
f 141/468/314 100/472/318 98/473/319
f 143/467/313 101/474/320 100/472/318
f 144/469/315 99/293/145 101/474/320
f 150/475/321 147/476/322 152/470/316
f 152/470/316 148/477/323 153/471/317
f 153/471/317 146/329/176 151/292/144
f 253/478/324 248/479/325 255/480/326
f 255/480/326 249/481/327 256/482/328
f 256/482/328 247/356/203 254/339/186
f 242/483/329 200/484/330 198/485/331
f 244/486/332 201/487/333 200/484/330
f 245/488/334 199/355/202 201/487/333
f 253/478/324 259/489/335 257/490/336
f 255/480/326 260/491/337 259/489/335
f 256/482/328 258/338/185 260/491/337
f 242/483/329 240/492/338 244/486/332
f 240/492/338 245/488/334 244/486/332
f 245/488/334 239/340/187 243/337/184
f 257/490/336 263/493/339 261/494/340
f 263/493/339 260/491/337 264/495/341
f 260/491/337 262/341/188 264/495/341
f 238/496/342 236/497/343 240/492/338
f 236/497/343 241/498/344 240/492/338
f 241/498/344 235/342/189 239/340/187
f 265/499/345 263/493/339 267/500/346
f 267/500/346 264/495/341 268/501/347
f 264/495/341 266/343/190 268/501/347
f 230/502/348 236/497/343 234/503/349
f 232/504/350 237/505/351 236/497/343
f 237/505/351 231/344/191 235/342/189
f 269/506/352 267/500/346 271/507/353
f 271/507/353 268/501/347 272/508/354
f 268/501/347 270/345/192 272/508/354
f 226/509/355 232/504/350 230/502/348
f 228/510/356 233/511/357 232/504/350
f 233/511/357 227/346/193 231/344/191
f 273/512/358 271/507/353 275/513/359
f 275/513/359 272/508/354 276/514/360
f 272/508/354 274/347/194 276/514/360
f 222/515/361 228/510/356 226/509/355
f 224/516/362 229/517/363 228/510/356
f 229/517/363 223/348/195 227/346/193
f 273/512/358 279/518/364 277/519/365
f 279/518/364 276/514/360 280/520/366
f 276/514/360 278/349/196 280/520/366
f 222/515/361 220/521/367 224/516/362
f 220/521/367 225/522/368 224/516/362
f 225/522/368 219/350/197 223/348/195
f 277/519/365 283/523/369 281/524/370
f 283/523/369 280/520/366 284/525/371
f 280/520/366 282/351/198 284/525/371
f 218/526/372 216/527/373 220/521/367
f 216/527/373 221/528/374 220/521/367
f 221/528/374 215/352/199 219/350/197
f 285/529/375 283/523/369 287/530/376
f 287/530/376 284/525/371 288/531/377
f 284/525/371 286/353/200 288/531/377
f 210/532/378 216/527/373 214/533/379
f 212/534/380 217/535/381 216/527/373
f 213/536/382 215/352/199 217/535/381
f 289/537/383 287/530/376 291/538/384
f 291/538/384 288/531/377 292/539/385
f 292/539/385 286/353/200 290/305/157
f 206/540/386 212/534/380 210/532/378
f 208/541/387 213/536/382 212/534/380
f 209/542/388 211/354/201 213/536/382
f 289/537/383 295/543/389 293/544/390
f 291/538/384 296/545/391 295/543/389
f 292/539/385 294/300/152 296/545/391
f 206/540/386 204/546/392 208/541/387
f 208/541/387 205/547/393 209/542/388
f 209/542/388 203/298/150 207/304/156
f 293/544/390 252/548/394 250/549/395
f 295/543/389 584/550/396 252/548/394
f 296/545/391 251/299/151 584/550/396
f 202/551/397 196/552/398 204/546/392
f 204/546/392 197/553/399 205/547/393
f 205/547/393 195/330/177 203/298/150
f 452/554/400 496/555/401 454/556/402
f 454/556/402 511/557/403 455/558/404
f 455/558/404 558/379/226 453/362/209
f 443/559/405 526/560/406 531/561/407
f 445/562/408 402/563/409 526/560/406
f 446/564/410 527/378/225 402/563/409
f 456/565/411 454/556/402 458/566/412
f 458/566/412 455/558/404 459/567/413
f 459/567/413 453/362/209 457/361/208
f 439/568/414 445/562/408 443/559/405
f 441/569/415 446/564/410 445/562/408
f 442/570/416 444/360/207 446/564/410
f 456/565/411 462/571/417 460/572/418
f 458/566/412 463/573/419 462/571/417
f 459/567/413 461/364/211 463/573/419
f 439/568/414 437/574/420 441/569/415
f 441/569/415 438/575/421 442/570/416
f 442/570/416 436/365/212 440/363/210
f 460/572/418 466/576/422 464/577/423
f 462/571/417 467/578/424 466/576/422
f 463/573/419 465/366/213 467/578/424
f 435/579/425 433/580/426 437/574/420
f 437/574/420 434/581/427 438/575/421
f 438/575/421 432/367/214 436/365/212
f 464/577/423 470/582/428 468/583/429
f 470/582/428 467/578/424 471/584/430
f 467/578/424 469/368/215 471/584/430
f 431/585/431 429/586/432 433/580/426
f 429/586/432 434/581/427 433/580/426
f 434/581/427 428/369/216 432/367/214
f 472/587/433 470/582/428 474/588/434
f 474/588/434 471/584/430 475/589/435
f 471/584/430 473/370/217 475/589/435
f 423/590/436 429/586/432 427/591/437
f 425/592/438 430/593/439 429/586/432
f 430/593/439 424/371/218 428/369/216
f 472/587/433 478/594/440 476/595/441
f 478/594/440 475/589/435 479/596/442
f 479/596/442 473/370/217 477/372/219
f 423/590/436 421/597/443 425/592/438
f 421/597/443 426/598/444 425/592/438
f 426/598/444 420/373/220 424/371/218
f 480/599/445 478/594/440 482/600/446
f 482/600/446 479/596/442 483/601/447
f 479/596/442 481/374/221 483/601/447
f 415/602/448 421/597/443 419/603/449
f 417/604/450 422/605/451 421/597/443
f 422/605/451 416/375/222 420/373/220
f 484/606/452 482/600/446 486/607/453
f 482/600/446 487/608/454 486/607/453
f 487/608/454 481/374/221 485/376/223
f 411/609/455 417/604/450 415/602/448
f 413/610/456 418/611/457 417/604/450
f 414/612/458 416/375/222 418/611/457
f 484/606/452 490/613/459 488/614/460
f 490/613/459 487/608/454 491/615/461
f 491/615/461 485/376/223 489/359/206
f 411/609/455 409/616/462 413/610/456
f 409/616/462 414/612/458 413/610/456
f 410/617/463 412/377/224 414/612/458
f 492/618/464 490/613/459 494/619/465
f 490/613/459 495/620/466 494/619/465
f 491/615/461 493/358/205 495/620/466
f 407/621/467 405/622/468 409/616/462
f 409/616/462 406/623/469 410/617/463
f 410/617/463 404/382/229 408/357/204
f 492/618/464 450/624/470 448/625/471
f 494/619/465 451/626/472 450/624/470
f 495/620/466 449/383/178 451/626/472
f 403/627/473 400/628/474 405/622/468
f 405/622/468 401/629/475 406/623/469
f 406/623/469 399/630/476 404/382/229
f 354/631/477 348/632/478 356/633/479
f 356/633/479 349/634/480 357/635/481
f 357/635/481 347/297/149 355/296/148
f 342/636/482 580/637/483 301/638/484
f 344/639/485 581/640/486 580/637/483
f 345/641/487 582/295/147 581/640/486
f 354/631/477 360/642/488 358/643/489
f 360/642/488 357/635/481 361/644/490
f 361/644/490 355/296/148 359/385/231
f 338/645/491 344/639/485 342/636/482
f 340/646/492 345/641/487 344/639/485
f 341/647/493 343/384/230 345/641/487
f 358/643/489 364/648/494 362/649/495
f 360/642/488 365/650/496 364/648/494
f 361/644/490 363/387/233 365/650/496
f 334/651/497 340/646/492 338/645/491
f 340/646/492 337/652/498 341/647/493
f 341/647/493 335/388/234 339/386/232
f 362/649/495 368/653/499 366/654/500
f 364/648/494 369/655/501 368/653/499
f 365/650/496 367/389/235 369/655/501
f 334/651/497 332/656/502 336/657/503
f 332/656/502 337/652/498 336/657/503
f 337/652/498 331/390/236 335/388/234
f 366/654/500 372/658/504 370/659/505
f 368/653/499 373/660/506 372/658/504
f 373/660/506 367/389/235 371/391/237
f 326/661/507 332/656/502 330/662/508
f 332/656/502 329/663/509 333/664/510
f 329/663/509 331/390/236 333/664/510
f 374/665/511 372/658/504 376/666/512
f 372/658/504 377/667/513 376/666/512
f 373/660/506 375/393/239 377/667/513
f 322/668/514 328/669/515 326/661/507
f 328/669/515 325/670/516 329/663/509
f 329/663/509 323/394/240 327/392/238
f 374/665/511 380/671/517 378/672/518
f 376/666/512 381/673/519 380/671/517
f 381/673/519 375/393/239 379/395/241
f 322/668/514 320/674/520 324/675/521
f 320/674/520 325/670/516 324/675/521
f 321/676/522 323/394/240 325/670/516
f 378/672/518 384/677/523 382/678/524
f 380/671/517 385/679/525 384/677/523
f 385/679/525 379/395/241 383/397/243
f 318/680/526 316/681/527 320/674/520
f 320/674/520 317/682/528 321/676/522
f 317/682/528 319/396/242 321/676/522
f 386/683/529 384/677/523 388/684/530
f 388/684/530 385/679/525 389/685/531
f 389/685/531 383/397/243 387/399/245
f 310/686/532 316/681/527 314/687/533
f 312/688/534 317/682/528 316/681/527
f 313/689/535 315/398/244 317/682/528
f 390/690/536 388/684/530 392/691/537
f 392/691/537 389/685/531 393/692/538
f 393/692/538 387/399/245 391/381/228
f 306/693/539 312/688/534 310/686/532
f 308/694/540 313/689/535 312/688/534
f 309/695/541 311/400/246 313/689/535
f 390/690/536 396/696/542 394/697/543
f 392/691/537 397/698/544 396/696/542
f 393/692/538 395/336/183 397/698/544
f 306/693/539 304/699/545 308/694/540
f 308/694/540 305/700/546 309/695/541
f 309/695/541 303/334/181 307/380/227
f 394/697/543 352/701/547 350/702/548
f 396/696/542 353/703/549 352/701/547
f 397/698/544 351/335/182 353/703/549
f 302/704/550 299/705/551 304/699/545
f 304/699/545 300/706/552 305/700/546
f 305/700/546 298/707/553 303/334/181
f 99/293/145 197/553/399 101/474/320
f 197/553/399 100/472/318 101/474/320
f 524/708/179 201/709/333 199/710/202
f 523/711/554 200/712/330 201/709/333
f 525/713/555 198/714/331 200/712/330
f 252/548/394 145/715/556 250/549/395
f 252/548/394 148/477/323 147/476/322
f 584/550/396 146/329/176 148/477/323
f 496/555/401 350/702/548 352/701/547
f 568/716/557 249/717/327 569/718/558
f 569/718/558 248/719/325 570/720/559
f 570/720/559 246/721/560 502/722/561
f 210/723/11 226/724/11 242/725/11
f 310/726/11 326/727/11 342/728/11
f 488/729/175 492/730/175 460/731/175
f 492/730/175 448/732/175 460/731/175
f 484/733/175 488/729/175 460/731/175
f 476/734/175 480/735/562 484/733/175
f 468/736/175 472/737/175 460/731/175
f 472/737/175 476/734/175 460/731/175
f 460/731/175 464/738/175 468/736/175
f 452/739/175 456/740/175 460/731/175
f 448/732/175 500/741/175 447/742/175
f 447/742/175 452/739/175 448/732/175
f 390/743/175 394/744/175 346/745/175
f 382/325/175 386/746/175 390/743/175
f 374/747/175 378/748/175 382/325/175
f 366/324/175 370/749/175 374/747/175
f 358/323/175 362/750/175 366/324/175
f 346/745/175 354/751/175 390/743/175
f 354/751/175 358/323/175 382/325/175
f 476/734/175 484/733/175 460/731/175
f 452/739/175 460/731/175 448/732/175
f 382/325/175 390/743/175 354/751/175
f 366/324/175 374/747/175 382/325/175
f 186/752/175 190/753/175 158/754/175
f 190/753/175 149/755/175 158/754/175
f 182/756/175 186/752/175 158/754/175
f 174/757/175 178/758/562 182/756/175
f 166/759/175 170/760/175 158/754/175
f 170/760/175 174/757/175 158/754/175
f 158/754/175 162/761/562 166/759/175
f 150/762/175 154/763/175 158/754/175
f 145/764/175 150/762/175 149/755/175
f 289/765/175 293/766/175 246/767/175
f 293/766/175 250/768/175 246/767/175
f 281/328/175 285/769/175 289/765/175
f 273/770/175 277/771/175 281/328/175
f 265/327/175 269/772/175 273/770/175
f 257/326/175 261/773/175 265/327/175
f 246/767/175 253/774/175 289/765/175
f 253/774/175 257/326/175 281/328/175
f 174/757/175 182/756/175 158/754/175
f 150/762/175 158/754/175 149/755/175
f 281/328/175 289/765/175 253/774/175
f 265/327/175 273/770/175 281/328/175
f 242/725/11 198/775/11 194/776/11
f 234/777/563 238/778/11 226/724/11
f 238/778/11 242/725/11 226/724/11
f 226/724/11 230/779/564 234/777/563
f 218/780/11 222/781/11 210/723/11
f 222/781/11 226/724/11 210/723/11
f 210/723/11 214/782/11 218/780/11
f 202/783/11 206/784/11 210/723/11
f 194/776/11 202/783/11 242/725/11
f 137/785/11 141/786/11 521/787/11
f 141/786/11 98/788/11 521/787/11
f 129/789/11 133/790/11 137/785/11
f 121/791/11 125/792/564 129/789/11
f 113/793/11 117/794/11 121/791/11
f 105/795/11 109/796/564 113/793/11
f 521/787/11 105/795/11 129/789/11
f 521/787/11 129/789/11 137/785/11
f 105/795/11 113/793/11 129/789/11
f 113/793/11 121/791/11 129/789/11
f 202/783/11 210/723/11 242/725/11
f 342/728/11 301/797/11 297/798/11
f 398/799/11 528/800/11 512/801/11
f 334/802/11 338/803/11 326/727/11
f 338/803/11 342/728/11 326/727/11
f 326/727/11 330/804/564 334/802/11
f 318/805/11 322/806/11 310/726/11
f 322/806/11 326/727/11 310/726/11
f 310/726/11 314/807/11 318/805/11
f 302/808/11 306/809/11 310/726/11
f 297/798/11 302/808/11 342/728/11
f 439/810/11 443/811/11 398/799/11
f 443/811/11 531/812/11 398/799/11
f 431/813/11 435/814/11 439/810/11
f 423/815/11 427/816/11 431/813/11
f 415/817/11 419/818/563 423/815/11
f 407/819/11 411/820/564 415/817/11
f 398/799/11 403/821/11 439/810/11
f 403/821/11 407/819/11 431/813/11
f 403/821/11 431/813/11 439/810/11
f 407/819/11 415/817/11 431/813/11
f 415/817/11 423/815/11 431/813/11
f 302/808/11 310/726/11 342/728/11
f 350/822/175 447/742/175 500/741/175
f 498/823/175 503/824/175 497/825/175
f 505/826/175 497/825/175 503/824/175
f 500/741/175 538/827/175 537/828/175
f 497/825/175 543/829/175 535/830/175
f 346/745/175 497/825/175 505/826/175
f 567/831/565 346/832/566 505/833/567
f 246/767/175 501/834/175 502/835/175
f 145/764/175 501/834/175 250/768/175
f 540/836/175 548/837/175 501/834/175
f 504/838/175 502/835/175 545/839/175
f 503/824/175 149/755/175 505/826/175
f 509/840/555 512/841/568 507/842/569
f 508/843/179 516/844/570 510/845/570
f 509/840/555 516/844/570 515/846/555
f 532/847/11 520/848/11 507/849/11
f 515/846/555 398/850/571 512/841/568
f 514/332/179 401/851/475 516/844/570
f 516/844/570 400/852/474 515/846/555
f 532/847/11 507/849/11 547/853/11
f 530/854/11 522/855/11 555/856/11
f 519/857/179 510/845/570 517/858/572
f 518/859/555 510/845/570 509/840/555
f 518/859/555 507/842/569 520/860/573
f 524/708/179 517/858/572 523/711/554
f 523/711/554 518/859/555 525/713/555
f 198/775/11 530/854/11 194/776/11
f 525/713/555 520/860/573 522/861/568
f 529/862/11 532/847/11 506/863/11
f 527/378/225 300/706/552 402/563/409
f 402/563/409 299/705/551 526/560/406
f 532/847/11 301/797/11 506/863/11
f 98/788/11 530/854/11 521/787/11
f 526/560/406 297/864/574 531/561/407
f 529/862/11 513/865/11 530/854/11
f 297/798/11 528/800/11 531/812/11
f 536/866/175 538/827/175 499/867/175
f 500/741/175 537/828/175 542/868/175
f 499/867/175 498/823/175 536/866/175
f 497/825/175 500/741/175 542/868/175
f 497/825/175 542/868/175 543/829/175
f 535/830/175 536/866/175 498/823/175
f 498/823/175 497/825/175 535/830/175
f 503/824/175 504/838/175 546/869/175
f 544/870/175 502/835/175 501/834/175
f 548/837/175 544/870/175 501/834/175
f 503/824/175 546/869/175 534/871/175
f 501/834/175 503/824/175 540/836/175
f 503/824/175 534/871/175 540/836/175
f 545/839/175 546/869/175 504/838/175
f 502/835/175 544/870/175 545/839/175
f 547/853/11 541/872/11 532/847/11
f 507/849/11 551/873/11 547/853/11
f 552/874/11 551/873/11 507/849/11
f 528/800/11 532/847/11 541/872/11
f 528/800/11 541/872/11 550/875/11
f 552/874/11 507/849/11 512/801/11
f 528/800/11 550/875/11 549/876/11
f 549/876/11 552/874/11 512/801/11
f 512/801/11 528/800/11 549/876/11
f 555/856/11 554/877/11 530/854/11
f 556/878/11 555/856/11 522/855/11
f 529/862/11 530/854/11 539/879/11
f 530/854/11 554/877/11 539/879/11
f 522/855/11 520/848/11 556/878/11
f 553/880/11 556/878/11 520/848/11
f 520/848/11 529/862/11 553/880/11
f 529/862/11 533/881/11 553/880/11
f 566/882/575 562/407/253 561/410/256
f 565/883/576 561/410/256 560/401/247
f 352/701/547 511/557/403 496/555/401
f 564/884/577 97/404/250 583/885/578
f 583/885/578 557/886/579 563/887/580
f 351/335/182 511/557/403 353/703/549
f 559/402/248 565/883/576 560/401/247
f 521/787/11 530/854/11 513/865/11
f 149/408/254 567/888/565 505/889/567
f 572/890/581 570/720/559 573/891/582
f 571/892/583 569/718/558 572/890/581
f 568/716/557 199/710/202 247/893/203
f 573/891/582 502/722/561 504/894/584
f 578/895/585 573/891/582 579/896/586
f 577/897/587 572/890/581 578/895/585
f 568/716/557 519/857/179 524/708/179
f 579/896/586 504/894/584 498/898/561
f 575/899/588 450/900/470 451/901/472
f 574/333/180 451/901/472 449/331/178
f 574/333/180 508/843/179 577/897/587
f 448/902/471 576/903/589 499/904/584
f 578/895/585 576/903/589 575/899/588
f 577/897/587 575/899/588 574/333/180
f 571/892/583 508/843/179 519/857/179
f 499/904/584 579/896/586 498/898/561
f 527/378/225 351/335/182 298/707/553
f 563/887/580 513/905/590 506/906/591
f 301/638/484 563/907/580 506/908/591
f 564/909/577 347/297/149 565/910/576
f 348/632/478 566/911/575 349/634/480
f 349/634/480 565/910/576 347/297/149
f 564/909/577 581/640/486 582/295/147
f 580/637/483 583/912/578 563/907/580
f 100/472/318 194/913/592 98/473/319
f 557/886/579 521/412/258 513/905/590
f 628/241/132 615/97/74 616/246/128
f 616/246/128 621/99/76 622/13/13
f 622/13/13 619/143/99 620/290/143
f 619/143/99 624/19/17 620/290/143
f 623/133/96 614/255/52 624/19/17
f 614/255/52 625/112/84 626/253/136
f 625/112/84 596/237/134 626/253/136
f 596/237/134 593/123/91 594/224/64
f 593/123/91 590/231/62 594/224/64
f 589/198/56 592/251/67 590/231/62
f 592/251/67 605/185/117 606/250/65
f 605/185/117 608/279/141 606/250/65
f 607/113/85 612/43/37 608/279/141
f 611/127/94 586/41/35 612/43/37
f 585/126/93 587/261/130 586/41/35
f 598/914/103 600/228/132 597/230/130
f 599/47/39 602/220/128 600/228/132
f 601/176/115 604/208/13 602/220/128
f 603/175/76 610/286/143 604/208/13
f 610/286/143 641/161/96 642/62/17
f 642/62/17 639/140/82 640/60/52
f 639/140/82 644/66/57 640/60/52
f 644/66/57 631/59/51 632/268/134
f 632/268/134 635/63/54 636/74/64
f 635/63/54 630/72/62 636/74/64
f 629/65/56 646/77/67 630/72/62
f 646/77/67 617/199/117 618/75/65
f 617/199/117 648/281/142 618/75/65
f 647/7/7 638/212/37 648/281/142
f 637/131/95 634/223/35 638/212/37
f 634/223/35 598/200/103 597/222/130
f 706/201/41 652/915/109 705/44/38
f 652/916/109 1/265/11 2/267/11
f 693/117/79 706/201/41 705/44/38
f 701/167/110 694/202/124 693/117/79
f 698/142/98 701/167/110 697/10/10
f 699/12/12 698/142/98 697/10/10
f 692/134/97 699/12/12 691/160/108
f 704/111/83 691/160/108 703/16/16
f 676/157/50 703/16/16 675/152/71
f 673/118/86 676/157/50 675/152/71
f 670/196/123 673/118/86 669/119/87
f 671/27/25 670/196/123 669/119/87
f 684/114/8 671/27/25 683/69/60
f 688/115/9 683/69/60 687/71/61
f 690/125/92 687/71/61 689/79/68
f 650/149/104 689/79/68 649/917/593
f 651/150/105 649/917/593 652/916/109
f 655/102/78 653/48/40 654/918/109
f 657/105/79 656/49/41 655/102/78
f 659/94/73 658/174/114 657/105/79
f 661/96/10 660/183/116 659/94/73
f 664/919/102 661/96/10 663/172/113
f 666/162/97 663/172/113 665/189/108
f 668/141/83 665/189/108 667/137/16
f 678/58/50 667/137/16 677/91/71
f 680/190/120 677/91/71 679/93/72
f 682/64/55 679/93/72 681/170/111
f 686/145/101 681/170/111 685/171/112
f 696/8/8 685/171/112 695/88/60
f 712/9/9 695/88/60 711/197/61
f 707/128/68 712/9/9 711/197/61
f 709/187/119 708/132/92 707/128/68
f 653/920/40 709/187/119 654/163/109
f 689/79/68 1/265/11 649/917/593
f 731/50/42 737/209/14 738/40/34
f 753/108/80 723/238/58 724/34/28
f 762/87/70 766/214/36 761/213/126
f 773/6/6 745/258/139 746/4/4
f 756/193/22 716/284/133 755/243/135
f 730/22/20 728/252/135 729/221/129
f 746/4/4 775/257/138 776/84/31
f 738/40/34 769/61/53 770/38/32
f 714/156/70 740/42/36 713/262/126
f 717/1/1 719/232/66 720/32/6
f 717/1/1 722/226/63 718/225/131
f 749/259/140 747/14/14 748/101/77
f 736/37/31 734/270/139 735/269/138
f 748/101/77 751/21/19 752/56/48
f 733/30/26 719/232/66 734/270/139
f 715/154/24 713/262/126 716/921/133
f 742/54/46 751/21/19 741/20/18
f 736/37/31 740/42/36 739/35/29
f 725/26/24 728/252/135 727/24/22
f 753/108/80 741/20/18 754/254/137
f 776/84/31 766/214/36 765/82/29
f 731/50/42 729/221/129 732/210/125
f 762/87/70 726/922/133 725/85/24
f 763/179/3 757/227/131 758/136/1
f 771/168/80 759/67/58 760/181/28
f 773/6/6 757/227/131 774/76/66
f 760/181/28 764/73/63 763/179/3
f 721/3/3 723/238/58 722/226/63
f 770/38/32 767/271/18 768/80/46
f 743/191/121 750/15/15 749/259/140
f 756/193/22 744/242/129 743/191/121
f 771/168/80 767/271/18 772/68/59
f 714/156/70 53/923/127 739/35/29
f 533/881/11 529/862/11 539/879/11
f 717/1/1 37/120/88 39/2/2
f 746/4/4 56/107/45 71/5/5
f 647/7/7 617/199/117 696/8/8
f 697/10/10 25/182/11 26/11/11
f 622/13/13 620/290/143 747/14/14
f 703/16/16 691/160/108 22/17/11
f 624/19/17 614/255/52 741/20/18
f 730/22/20 46/51/43 44/23/21
f 727/24/22 44/23/21 42/25/23
f 671/27/25 669/119/87 11/28/11
f 733/30/26 49/53/45 38/31/5
f 721/3/3 39/2/2 40/33/27
f 739/35/29 53/923/127 50/36/30
f 770/38/32 68/81/47 52/39/33
f 586/41/35 713/262/126 740/42/36
f 705/44/38 652/915/109 2/45/11
f 599/47/39 598/914/103 653/48/40
f 731/50/42 48/52/44 46/51/43
f 738/40/34 52/39/33 48/52/44
f 736/37/31 50/36/30 49/53/45
f 742/54/46 54/109/81 59/55/47
f 643/57/49 668/141/83 678/58/50
f 640/60/52 767/271/18 769/61/53
f 635/63/54 680/190/120 682/64/55
f 644/66/57 632/268/134 759/67/58
f 683/69/60 18/124/11 20/70/11
f 630/72/62 757/227/131 764/73/63
f 618/75/65 745/258/139 774/76/66
f 687/71/61 20/70/11 21/78/11
f 768/80/46 67/169/81 68/81/47
f 765/82/29 66/287/127 72/83/30
f 725/85/24 42/924/23 64/86/69
f 695/88/60 685/171/112 19/89/11
f 677/91/71 15/178/11 16/92/11
f 659/94/73 6/106/11 7/95/11
f 615/97/74 694/202/124 702/98/75
f 752/56/48 59/55/47 57/100/33
f 655/102/78 654/918/109 3/103/11
f 657/105/79 5/146/11 6/106/11
f 776/84/31 72/83/30 56/107/45
f 753/108/80 60/153/106 54/109/81
f 613/110/82 692/134/97 704/111/83
f 607/113/85 605/185/117 684/114/8
f 705/44/38 29/46/11 23/116/11
f 673/118/86 13/188/11 11/28/11
f 720/32/6 38/31/5 37/120/88
f 595/121/89 676/157/50 674/122/90
f 671/27/25 12/29/11 18/124/11
f 690/125/92 650/149/104 585/126/93
f 707/128/68 711/197/61 32/129/11
f 637/131/95 647/7/7 712/9/9
f 623/133/96 700/147/102 692/134/97
f 773/6/6 71/5/5 62/135/88
f 667/137/16 665/189/108 9/138/11
f 639/140/82 666/162/97 668/141/83
f 621/99/76 702/98/75 698/142/98
f 645/144/100 629/65/56 682/64/55
f 655/102/78 4/104/11 5/146/11
f 619/143/99 698/142/98 700/147/102
f 588/148/103 585/126/93 650/149/104
f 703/16/16 28/18/11 14/151/11
f 724/34/28 40/33/27 60/153/106
f 715/154/24 36/925/23 34/155/69
f 625/112/84 704/111/83 676/157/50
f 633/158/107 637/131/95 708/132/92
f 691/160/108 699/12/12 26/11/11
f 641/161/96 664/919/102 666/162/97
f 654/163/109 709/187/119 31/164/11
f 693/117/79 23/116/11 27/166/11
f 771/168/80 70/233/106 67/169/81
f 681/170/111 17/177/11 19/89/11
f 663/172/113 661/96/10 7/95/11
f 658/174/114 660/183/116 603/175/76
f 611/127/94 607/113/85 688/115/9
f 681/170/111 679/93/72 16/92/11
f 667/137/16 10/139/11 15/178/11
f 763/179/3 65/205/2 63/180/27
f 697/10/10 701/167/110 27/166/11
f 660/183/116 662/194/122 609/184/99
f 605/185/117 591/195/100 672/186/118
f 707/128/68 30/130/11 31/164/11
f 675/152/71 14/151/11 13/188/11
f 665/189/108 663/172/113 8/173/11
f 631/59/51 678/58/50 680/190/120
f 743/191/121 55/260/43 61/192/21
f 662/194/122 664/919/102 641/161/96
f 591/195/100 589/198/56 670/196/123
f 601/176/115 599/47/39 656/49/41
f 695/88/60 24/90/11 32/129/11
f 593/123/91 674/122/90 670/196/123
f 617/199/117 645/144/100 686/145/101
f 710/159/104 653/920/40 598/200/103
f 615/97/74 627/203/39 706/201/41
f 627/203/39 588/926/103 651/204/105
f 758/136/1 62/135/88 65/205/2
f 3/103/23 41/927/23 43/206/21
f 9/138/81 73/239/81 74/207/106
f 604/208/13 610/286/143 737/209/14
f 31/164/69 95/235/69 41/211/23
f 638/212/37 634/223/35 761/213/126
f 14/151/27 78/217/27 77/215/2
f 26/11/47 90/244/47 86/216/81
f 28/18/106 92/219/106 78/217/27
f 32/129/30 96/234/30 94/218/127
f 22/17/81 86/216/81 92/219/106
f 602/220/128 604/208/13 732/210/125
f 597/222/130 726/922/133 761/213/126
f 594/224/64 590/231/62 718/225/131
f 630/72/62 646/77/67 774/76/66
f 600/228/132 728/252/135 726/229/133
f 590/231/62 592/251/67 719/232/66
f 760/181/28 63/180/27 70/233/106
f 24/90/45 88/278/45 96/234/30
f 30/130/127 94/218/127 95/235/69
f 12/29/5 76/245/5 82/236/45
f 596/237/134 594/224/64 722/226/63
f 8/173/47 69/273/47 73/239/81
f 4/104/21 43/206/21 45/240/43
f 628/241/132 616/246/128 744/242/129
f 25/182/33 89/247/33 90/244/47
f 11/28/88 75/291/88 76/245/5
f 622/13/13 750/15/15 744/242/129
f 27/166/44 91/249/44 89/247/33
f 29/46/21 93/280/21 87/248/43
f 23/116/43 87/248/43 91/249/44
f 606/250/65 734/270/139 719/232/66
f 600/228/132 602/220/128 729/221/129
f 626/253/136 596/237/134 723/238/58
f 626/253/136 754/254/137 741/20/18
f 18/124/45 82/236/45 84/256/30
f 618/75/65 648/281/142 775/257/138
f 749/259/140 58/263/44 55/260/43
f 587/261/130 716/921/133 713/262/126
f 748/101/77 57/100/33 58/263/44
f 20/70/30 84/256/30 85/264/127
f 1/265/69 33/274/69 35/266/23
f 632/268/134 636/74/64 764/73/63
f 606/250/65 608/279/141 735/269/138
f 644/66/57 772/68/59 767/271/18
f 17/177/88 81/283/88 83/272/5
f 7/95/33 51/285/33 69/273/47
f 21/78/127 85/264/127 33/274/69
f 587/275/130 588/926/103 627/203/39
f 756/193/22 61/192/21 36/276/23
f 19/89/5 83/272/5 88/278/45
f 612/43/37 740/42/36 735/269/138
f 2/45/23 35/928/23 93/280/21
f 638/212/37 766/214/36 775/257/138
f 5/146/43 45/240/43 47/282/44
f 16/92/2 80/289/2 81/283/88
f 628/241/132 755/243/135 716/284/133
f 6/106/44 47/282/44 51/285/33
f 642/62/17 769/61/53 737/209/14
f 762/87/70 64/86/69 66/287/127
f 10/139/106 74/207/106 79/288/27
f 15/178/27 79/288/27 80/289/2
f 620/290/143 624/19/17 751/21/19
f 13/188/2 77/215/2 75/291/88
f 151/292/144 146/329/176 99/293/145
f 582/295/147 343/384/230 355/296/148
f 203/298/150 195/330/177 251/299/151
f 191/301/153 187/306/158 106/302/154
f 207/304/156 203/298/150 294/300/152
f 187/306/158 183/308/160 110/307/159
f 183/308/160 179/310/162 114/309/161
f 179/310/162 175/312/164 118/311/163
f 175/312/164 171/314/166 122/313/165
f 171/314/166 167/316/168 126/315/167
f 167/316/168 163/318/170 130/317/169
f 163/318/170 159/320/172 134/319/171
f 159/320/172 155/322/174 138/321/173
f 155/322/174 151/292/144 142/294/146
f 146/329/176 251/299/151 195/330/177
f 449/331/178 399/929/476 514/332/179
f 303/334/181 298/707/553 351/335/182
f 243/337/184 239/340/187 258/338/185
f 239/340/187 235/342/189 262/341/188
f 235/342/189 231/344/191 266/343/190
f 231/344/191 227/346/193 270/345/192
f 227/346/193 223/348/195 274/347/194
f 223/348/195 219/350/197 278/349/196
f 219/350/197 215/352/199 282/351/198
f 215/352/199 211/354/201 286/353/200
f 211/354/201 207/304/156 290/305/157
f 199/355/202 243/337/184 254/339/186
f 408/357/204 404/382/229 493/358/205
f 444/360/207 440/363/210 457/361/208
f 440/363/210 436/365/212 461/364/211
f 436/365/212 432/367/214 465/366/213
f 432/367/214 428/369/216 469/368/215
f 428/369/216 424/371/218 473/370/217
f 424/371/218 420/373/220 477/372/219
f 420/373/220 416/375/222 481/374/221
f 416/375/222 412/377/224 485/376/223
f 412/377/224 408/357/204 489/359/206
f 527/378/225 444/360/207 453/362/209
f 307/380/227 303/334/181 395/336/183
f 404/382/229 399/630/476 449/383/178
f 343/384/230 339/386/232 359/385/231
f 339/386/232 335/388/234 363/387/233
f 335/388/234 331/390/236 367/389/235
f 331/390/236 327/392/238 371/391/237
f 327/392/238 323/394/240 375/393/239
f 323/394/240 319/396/242 379/395/241
f 319/396/242 315/398/244 383/397/243
f 315/398/244 311/400/246 387/399/245
f 311/400/246 307/380/227 391/381/228
f 560/401/247 191/301/153 102/303/155
f 103/403/249 557/886/579 97/404/250
f 104/405/251 97/404/250 559/402/248
f 190/406/252 192/409/255 562/407/253
f 192/409/255 193/411/257 561/410/256
f 193/411/257 191/301/153 560/401/247
f 521/412/258 103/403/249 107/413/259
f 103/403/249 104/405/251 108/415/261
f 104/405/251 102/303/155 106/302/154
f 190/406/252 186/421/267 188/416/262
f 192/409/255 188/416/262 189/417/263
f 193/411/257 189/417/263 187/306/158
f 105/414/260 107/413/259 111/418/264
f 111/418/264 107/413/259 108/415/261
f 108/415/261 106/302/154 110/307/159
f 186/421/267 182/427/273 184/422/268
f 184/422/268 185/429/275 189/417/263
f 189/417/263 185/429/275 183/308/160
f 113/423/269 109/419/265 111/418/264
f 115/424/270 111/418/264 112/420/266
f 112/420/266 110/307/159 114/309/161
f 178/426/272 180/428/274 184/422/268
f 180/428/274 181/435/281 185/429/275
f 185/429/275 181/435/281 179/310/162
f 117/430/276 113/423/269 115/424/270
f 119/431/277 115/424/270 116/425/271
f 116/425/271 114/309/161 118/311/163
f 174/433/279 176/434/280 180/428/274
f 176/434/280 177/441/287 181/435/281
f 181/435/281 177/441/287 175/312/164
f 121/436/282 117/430/276 119/431/277
f 123/437/283 119/431/277 120/432/278
f 120/432/278 118/311/163 122/313/165
f 170/439/285 172/440/286 176/434/280
f 172/440/286 173/446/292 177/441/287
f 177/441/287 173/446/292 171/314/166
f 121/436/282 123/437/283 127/442/288
f 127/442/288 123/437/283 124/438/284
f 124/438/284 122/313/165 126/315/167
f 170/439/285 166/450/296 168/445/291
f 168/445/291 169/452/298 173/446/292
f 173/446/292 169/452/298 167/316/168
f 125/443/289 127/442/288 131/447/293
f 131/447/293 127/442/288 128/444/290
f 128/444/290 126/315/167 130/317/169
f 166/450/296 162/457/303 164/451/297
f 164/451/297 165/459/305 169/452/298
f 169/452/298 165/459/305 163/318/170
f 133/453/299 129/448/294 131/447/293
f 135/454/300 131/447/293 132/449/295
f 136/455/301 132/449/295 130/317/169
f 158/456/302 160/458/304 164/451/297
f 160/458/304 161/460/306 165/459/305
f 161/460/306 159/320/172 163/318/170
f 137/461/307 133/453/299 135/454/300
f 139/462/308 135/454/300 136/455/301
f 140/463/309 136/455/301 134/319/171
f 154/464/310 156/465/311 160/458/304
f 156/465/311 157/466/312 161/460/306
f 157/466/312 155/322/174 159/320/172
f 137/461/307 139/462/308 143/467/313
f 139/462/308 140/463/309 144/469/315
f 140/463/309 138/321/173 142/294/146
f 154/464/310 150/475/321 152/470/316
f 156/465/311 152/470/316 153/471/317
f 157/466/312 153/471/317 151/292/144
f 141/468/314 143/467/313 100/472/318
f 143/467/313 144/469/315 101/474/320
f 144/469/315 142/294/146 99/293/145
f 150/475/321 145/715/556 147/476/322
f 152/470/316 147/476/322 148/477/323
f 153/471/317 148/477/323 146/329/176
f 253/478/324 246/930/560 248/479/325
f 255/480/326 248/479/325 249/481/327
f 256/482/328 249/481/327 247/356/203
f 242/483/329 244/486/332 200/484/330
f 244/486/332 245/488/334 201/487/333
f 245/488/334 243/337/184 199/355/202
f 253/478/324 255/480/326 259/489/335
f 255/480/326 256/482/328 260/491/337
f 256/482/328 254/339/186 258/338/185
f 242/483/329 238/496/342 240/492/338
f 240/492/338 241/498/344 245/488/334
f 245/488/334 241/498/344 239/340/187
f 257/490/336 259/489/335 263/493/339
f 263/493/339 259/489/335 260/491/337
f 260/491/337 258/338/185 262/341/188
f 238/496/342 234/503/349 236/497/343
f 236/497/343 237/505/351 241/498/344
f 241/498/344 237/505/351 235/342/189
f 265/499/345 261/494/340 263/493/339
f 267/500/346 263/493/339 264/495/341
f 264/495/341 262/341/188 266/343/190
f 230/502/348 232/504/350 236/497/343
f 232/504/350 233/511/357 237/505/351
f 237/505/351 233/511/357 231/344/191
f 269/506/352 265/499/345 267/500/346
f 271/507/353 267/500/346 268/501/347
f 268/501/347 266/343/190 270/345/192
f 226/509/355 228/510/356 232/504/350
f 228/510/356 229/517/363 233/511/357
f 233/511/357 229/517/363 227/346/193
f 273/512/358 269/506/352 271/507/353
f 275/513/359 271/507/353 272/508/354
f 272/508/354 270/345/192 274/347/194
f 222/515/361 224/516/362 228/510/356
f 224/516/362 225/522/368 229/517/363
f 229/517/363 225/522/368 223/348/195
f 273/512/358 275/513/359 279/518/364
f 279/518/364 275/513/359 276/514/360
f 276/514/360 274/347/194 278/349/196
f 222/515/361 218/526/372 220/521/367
f 220/521/367 221/528/374 225/522/368
f 225/522/368 221/528/374 219/350/197
f 277/519/365 279/518/364 283/523/369
f 283/523/369 279/518/364 280/520/366
f 280/520/366 278/349/196 282/351/198
f 218/526/372 214/533/379 216/527/373
f 216/527/373 217/535/381 221/528/374
f 221/528/374 217/535/381 215/352/199
f 285/529/375 281/524/370 283/523/369
f 287/530/376 283/523/369 284/525/371
f 284/525/371 282/351/198 286/353/200
f 210/532/378 212/534/380 216/527/373
f 212/534/380 213/536/382 217/535/381
f 213/536/382 211/354/201 215/352/199
f 289/537/383 285/529/375 287/530/376
f 291/538/384 287/530/376 288/531/377
f 292/539/385 288/531/377 286/353/200
f 206/540/386 208/541/387 212/534/380
f 208/541/387 209/542/388 213/536/382
f 209/542/388 207/304/156 211/354/201
f 289/537/383 291/538/384 295/543/389
f 291/538/384 292/539/385 296/545/391
f 292/539/385 290/305/157 294/300/152
f 206/540/386 202/551/397 204/546/392
f 208/541/387 204/546/392 205/547/393
f 209/542/388 205/547/393 203/298/150
f 293/544/390 295/543/389 252/548/394
f 295/543/389 296/545/391 584/550/396
f 296/545/391 294/300/152 251/299/151
f 202/551/397 194/913/592 196/552/398
f 204/546/392 196/552/398 197/553/399
f 205/547/393 197/553/399 195/330/177
f 452/554/400 447/931/594 496/555/401
f 454/556/402 496/555/401 511/557/403
f 455/558/404 511/557/403 558/379/226
f 443/559/405 445/562/408 526/560/406
f 445/562/408 446/564/410 402/563/409
f 446/564/410 444/360/207 527/378/225
f 456/565/411 452/554/400 454/556/402
f 458/566/412 454/556/402 455/558/404
f 459/567/413 455/558/404 453/362/209
f 439/568/414 441/569/415 445/562/408
f 441/569/415 442/570/416 446/564/410
f 442/570/416 440/363/210 444/360/207
f 456/565/411 458/566/412 462/571/417
f 458/566/412 459/567/413 463/573/419
f 459/567/413 457/361/208 461/364/211
f 439/568/414 435/579/425 437/574/420
f 441/569/415 437/574/420 438/575/421
f 442/570/416 438/575/421 436/365/212
f 460/572/418 462/571/417 466/576/422
f 462/571/417 463/573/419 467/578/424
f 463/573/419 461/364/211 465/366/213
f 435/579/425 431/585/431 433/580/426
f 437/574/420 433/580/426 434/581/427
f 438/575/421 434/581/427 432/367/214
f 464/577/423 466/576/422 470/582/428
f 470/582/428 466/576/422 467/578/424
f 467/578/424 465/366/213 469/368/215
f 431/585/431 427/591/437 429/586/432
f 429/586/432 430/593/439 434/581/427
f 434/581/427 430/593/439 428/369/216
f 472/587/433 468/583/429 470/582/428
f 474/588/434 470/582/428 471/584/430
f 471/584/430 469/368/215 473/370/217
f 423/590/436 425/592/438 429/586/432
f 425/592/438 426/598/444 430/593/439
f 430/593/439 426/598/444 424/371/218
f 472/587/433 474/588/434 478/594/440
f 478/594/440 474/588/434 475/589/435
f 479/596/442 475/589/435 473/370/217
f 423/590/436 419/603/449 421/597/443
f 421/597/443 422/605/451 426/598/444
f 426/598/444 422/605/451 420/373/220
f 480/599/445 476/595/441 478/594/440
f 482/600/446 478/594/440 479/596/442
f 479/596/442 477/372/219 481/374/221
f 415/602/448 417/604/450 421/597/443
f 417/604/450 418/611/457 422/605/451
f 422/605/451 418/611/457 416/375/222
f 484/606/452 480/599/445 482/600/446
f 482/600/446 483/601/447 487/608/454
f 487/608/454 483/601/447 481/374/221
f 411/609/455 413/610/456 417/604/450
f 413/610/456 414/612/458 418/611/457
f 414/612/458 412/377/224 416/375/222
f 484/606/452 486/607/453 490/613/459
f 490/613/459 486/607/453 487/608/454
f 491/615/461 487/608/454 485/376/223
f 411/609/455 407/621/467 409/616/462
f 409/616/462 410/617/463 414/612/458
f 410/617/463 408/357/204 412/377/224
f 492/618/464 488/614/460 490/613/459
f 490/613/459 491/615/461 495/620/466
f 491/615/461 489/359/206 493/358/205
f 407/621/467 403/627/473 405/622/468
f 409/616/462 405/622/468 406/623/469
f 410/617/463 406/623/469 404/382/229
f 492/618/464 494/619/465 450/624/470
f 494/619/465 495/620/466 451/626/472
f 495/620/466 493/358/205 449/383/178
f 403/627/473 398/932/571 400/628/474
f 405/622/468 400/628/474 401/629/475
f 406/623/469 401/629/475 399/630/476
f 354/631/477 346/832/566 348/632/478
f 356/633/479 348/632/478 349/634/480
f 357/635/481 349/634/480 347/297/149
f 342/636/482 344/639/485 580/637/483
f 344/639/485 345/641/487 581/640/486
f 345/641/487 343/384/230 582/295/147
f 354/631/477 356/633/479 360/642/488
f 360/642/488 356/633/479 357/635/481
f 361/644/490 357/635/481 355/296/148
f 338/645/491 340/646/492 344/639/485
f 340/646/492 341/647/493 345/641/487
f 341/647/493 339/386/232 343/384/230
f 358/643/489 360/642/488 364/648/494
f 360/642/488 361/644/490 365/650/496
f 361/644/490 359/385/231 363/387/233
f 334/651/497 336/657/503 340/646/492
f 340/646/492 336/657/503 337/652/498
f 341/647/493 337/652/498 335/388/234
f 362/649/495 364/648/494 368/653/499
f 364/648/494 365/650/496 369/655/501
f 365/650/496 363/387/233 367/389/235
f 334/651/497 330/662/508 332/656/502
f 332/656/502 333/664/510 337/652/498
f 337/652/498 333/664/510 331/390/236
f 366/654/500 368/653/499 372/658/504
f 368/653/499 369/655/501 373/660/506
f 373/660/506 369/655/501 367/389/235
f 326/661/507 328/669/515 332/656/502
f 332/656/502 328/669/515 329/663/509
f 329/663/509 327/392/238 331/390/236
f 374/665/511 370/659/505 372/658/504
f 372/658/504 373/660/506 377/667/513
f 373/660/506 371/391/237 375/393/239
f 322/668/514 324/675/521 328/669/515
f 328/669/515 324/675/521 325/670/516
f 329/663/509 325/670/516 323/394/240
f 374/665/511 376/666/512 380/671/517
f 376/666/512 377/667/513 381/673/519
f 381/673/519 377/667/513 375/393/239
f 322/668/514 318/680/526 320/674/520
f 320/674/520 321/676/522 325/670/516
f 321/676/522 319/396/242 323/394/240
f 378/672/518 380/671/517 384/677/523
f 380/671/517 381/673/519 385/679/525
f 385/679/525 381/673/519 379/395/241
f 318/680/526 314/687/533 316/681/527
f 320/674/520 316/681/527 317/682/528
f 317/682/528 315/398/244 319/396/242
f 386/683/529 382/678/524 384/677/523
f 388/684/530 384/677/523 385/679/525
f 389/685/531 385/679/525 383/397/243
f 310/686/532 312/688/534 316/681/527
f 312/688/534 313/689/535 317/682/528
f 313/689/535 311/400/246 315/398/244
f 390/690/536 386/683/529 388/684/530
f 392/691/537 388/684/530 389/685/531
f 393/692/538 389/685/531 387/399/245
f 306/693/539 308/694/540 312/688/534
f 308/694/540 309/695/541 313/689/535
f 309/695/541 307/380/227 311/400/246
f 390/690/536 392/691/537 396/696/542
f 392/691/537 393/692/538 397/698/544
f 393/692/538 391/381/228 395/336/183
f 306/693/539 302/704/550 304/699/545
f 308/694/540 304/699/545 305/700/546
f 309/695/541 305/700/546 303/334/181
f 394/697/543 396/696/542 352/701/547
f 396/696/542 397/698/544 353/703/549
f 397/698/544 395/336/183 351/335/182
f 302/704/550 297/864/574 299/705/551
f 304/699/545 299/705/551 300/706/552
f 305/700/546 300/706/552 298/707/553
f 99/293/145 195/330/177 197/553/399
f 197/553/399 196/552/398 100/472/318
f 524/708/179 523/711/554 201/709/333
f 523/711/554 525/713/555 200/712/330
f 525/713/555 522/861/568 198/714/331
f 252/548/394 147/476/322 145/715/556
f 252/548/394 584/550/396 148/477/323
f 584/550/396 251/299/151 146/329/176
f 496/555/401 447/931/594 350/702/548
f 568/716/557 247/893/203 249/717/327
f 569/718/558 249/717/327 248/719/325
f 570/720/559 248/719/325 246/721/560
f 448/732/175 499/867/175 500/741/175
f 398/799/11 531/812/11 528/800/11
f 500/741/175 346/745/175 350/822/175
f 346/745/175 394/744/175 350/822/175
f 498/823/175 504/838/175 503/824/175
f 500/741/175 499/867/175 538/827/175
f 346/745/175 500/741/175 497/825/175
f 567/831/565 348/632/478 346/832/566
f 246/767/175 250/768/175 501/834/175
f 145/764/175 149/755/175 501/834/175
f 503/824/175 501/834/175 149/755/175
f 509/840/555 515/846/555 512/841/568
f 508/843/179 514/332/179 516/844/570
f 509/840/555 510/845/570 516/844/570
f 532/847/11 529/862/11 520/848/11
f 515/846/555 400/852/474 398/850/571
f 514/332/179 399/929/476 401/851/475
f 516/844/570 401/851/475 400/852/474
f 519/857/179 508/843/179 510/845/570
f 518/859/555 517/858/572 510/845/570
f 518/859/555 509/840/555 507/842/569
f 524/708/179 519/857/179 517/858/572
f 523/711/554 517/858/572 518/859/555
f 198/775/11 522/855/11 530/854/11
f 525/713/555 518/859/555 520/860/573
f 527/378/225 298/707/553 300/706/552
f 402/563/409 300/706/552 299/705/551
f 532/847/11 528/800/11 301/797/11
f 98/788/11 194/776/11 530/854/11
f 526/560/406 299/705/551 297/864/574
f 529/862/11 506/863/11 513/865/11
f 297/798/11 301/797/11 528/800/11
f 566/882/575 567/888/565 562/407/253
f 565/883/576 566/882/575 561/410/256
f 352/701/547 353/703/549 511/557/403
f 564/884/577 559/402/248 97/404/250
f 583/885/578 97/404/250 557/886/579
f 351/335/182 558/379/226 511/557/403
f 559/402/248 564/884/577 565/883/576
f 149/408/254 562/407/253 567/888/565
f 572/890/581 569/718/558 570/720/559
f 571/892/583 568/716/557 569/718/558
f 568/716/557 524/708/179 199/710/202
f 573/891/582 570/720/559 502/722/561
f 578/895/585 572/890/581 573/891/582
f 577/897/587 571/892/583 572/890/581
f 568/716/557 571/892/583 519/857/179
f 579/896/586 573/891/582 504/894/584
f 575/899/588 576/903/589 450/900/470
f 574/333/180 575/899/588 451/901/472
f 574/333/180 514/332/179 508/843/179
f 448/902/471 450/900/470 576/903/589
f 578/895/585 579/896/586 576/903/589
f 577/897/587 578/895/585 575/899/588
f 571/892/583 577/897/587 508/843/179
f 499/904/584 576/903/589 579/896/586
f 527/378/225 558/379/226 351/335/182
f 563/887/580 557/886/579 513/905/590
f 301/638/484 580/637/483 563/907/580
f 564/909/577 582/295/147 347/297/149
f 348/632/478 567/831/565 566/911/575
f 349/634/480 566/911/575 565/910/576
f 564/909/577 583/912/578 581/640/486
f 580/637/483 581/640/486 583/912/578
f 100/472/318 196/552/398 194/913/592
f 557/886/579 103/403/249 521/412/258
f 628/241/132 627/203/39 615/97/74
f 616/246/128 615/97/74 621/99/76
f 622/13/13 621/99/76 619/143/99
f 619/143/99 623/133/96 624/19/17
f 623/133/96 613/110/82 614/255/52
f 614/255/52 613/110/82 625/112/84
f 625/112/84 595/121/89 596/237/134
f 596/237/134 595/121/89 593/123/91
f 593/123/91 589/198/56 590/231/62
f 589/198/56 591/195/100 592/251/67
f 592/251/67 591/195/100 605/185/117
f 605/185/117 607/113/85 608/279/141
f 607/113/85 611/127/94 612/43/37
f 611/127/94 585/126/93 586/41/35
f 585/126/93 588/148/103 587/261/130
f 598/914/103 599/47/39 600/228/132
f 599/47/39 601/176/115 602/220/128
f 601/176/115 603/175/76 604/208/13
f 603/175/76 609/184/99 610/286/143
f 610/286/143 609/184/99 641/161/96
f 642/62/17 641/161/96 639/140/82
f 639/140/82 643/57/49 644/66/57
f 644/66/57 643/57/49 631/59/51
f 632/268/134 631/59/51 635/63/54
f 635/63/54 629/65/56 630/72/62
f 629/65/56 645/144/100 646/77/67
f 646/77/67 645/144/100 617/199/117
f 617/199/117 647/7/7 648/281/142
f 647/7/7 637/131/95 638/212/37
f 637/131/95 633/158/107 634/223/35
f 634/223/35 633/158/107 598/200/103
f 706/201/41 651/204/105 652/915/109
f 652/916/109 649/917/593 1/265/11
f 693/117/79 694/202/124 706/201/41
f 701/167/110 702/98/75 694/202/124
f 698/142/98 702/98/75 701/167/110
f 699/12/12 700/147/102 698/142/98
f 692/134/97 700/147/102 699/12/12
f 704/111/83 692/134/97 691/160/108
f 676/157/50 704/111/83 703/16/16
f 673/118/86 674/122/90 676/157/50
f 670/196/123 674/122/90 673/118/86
f 671/27/25 672/186/118 670/196/123
f 684/114/8 672/186/118 671/27/25
f 688/115/9 684/114/8 683/69/60
f 690/125/92 688/115/9 687/71/61
f 650/149/104 690/125/92 689/79/68
f 651/150/105 650/149/104 649/917/593
f 655/102/78 656/49/41 653/48/40
f 657/105/79 658/174/114 656/49/41
f 659/94/73 660/183/116 658/174/114
f 661/96/10 662/194/122 660/183/116
f 664/919/102 662/194/122 661/96/10
f 666/162/97 664/919/102 663/172/113
f 668/141/83 666/162/97 665/189/108
f 678/58/50 668/141/83 667/137/16
f 680/190/120 678/58/50 677/91/71
f 682/64/55 680/190/120 679/93/72
f 686/145/101 682/64/55 681/170/111
f 696/8/8 686/145/101 685/171/112
f 712/9/9 696/8/8 695/88/60
f 707/128/68 708/132/92 712/9/9
f 709/187/119 710/159/104 708/132/92
f 653/920/40 710/159/104 709/187/119
f 689/79/68 21/78/11 1/265/11
f 731/50/42 732/210/125 737/209/14
f 753/108/80 754/254/137 723/238/58
f 762/87/70 765/82/29 766/214/36
f 773/6/6 774/76/66 745/258/139
f 756/193/22 715/277/24 716/284/133
f 730/22/20 727/24/22 728/252/135
f 746/4/4 745/258/139 775/257/138
f 738/40/34 737/209/14 769/61/53
f 714/156/70 739/35/29 740/42/36
f 717/1/1 718/225/131 719/232/66
f 717/1/1 721/3/3 722/226/63
f 749/259/140 750/15/15 747/14/14
f 736/37/31 733/30/26 734/270/139
f 748/101/77 747/14/14 751/21/19
f 733/30/26 720/32/6 719/232/66
f 715/154/24 714/156/70 713/262/126
f 742/54/46 752/56/48 751/21/19
f 736/37/31 735/269/138 740/42/36
f 725/26/24 726/229/133 728/252/135
f 753/108/80 742/54/46 741/20/18
f 776/84/31 775/257/138 766/214/36
f 731/50/42 730/22/20 729/221/129
f 762/87/70 761/213/126 726/922/133
f 763/179/3 764/73/63 757/227/131
f 771/168/80 772/68/59 759/67/58
f 773/6/6 758/136/1 757/227/131
f 760/181/28 759/67/58 764/73/63
f 721/3/3 724/34/28 723/238/58
f 770/38/32 769/61/53 767/271/18
f 743/191/121 744/242/129 750/15/15
f 756/193/22 755/243/135 744/242/129
f 771/168/80 768/80/46 767/271/18
f 714/156/70 34/155/69 53/923/127
o feet_low_Cube.020
v -1.687492 0.073519 0.611205
v -1.681269 0.074682 0.618033
v -1.681269 0.079569 0.608146
v -1.685668 0.074100 0.615907
v -1.684862 0.077257 0.613159
v -1.681269 0.078377 0.613745
v -1.685668 0.077556 0.608916
v -1.687492 0.073520 -0.611205
v -1.681269 0.079569 -0.608146
v -1.681269 0.074682 -0.618033
v -1.685668 0.077556 -0.608916
v -1.684862 0.077258 -0.613159
v -1.681269 0.078379 -0.613745
v -1.685668 0.074101 -0.615907
v -1.577019 0.073519 0.611205
v -1.583240 0.079569 0.608146
v -1.583240 0.074680 0.618033
v -1.578841 0.077556 0.608916
v -1.579648 0.077257 0.613159
v -1.583240 0.078377 0.613745
v -1.578841 0.074100 0.615907
v -1.583240 0.074682 -0.618033
v -1.583240 0.079569 -0.608146
v -1.577019 0.073520 -0.611205
v -1.583240 0.078379 -0.613745
v -1.579648 0.077258 -0.613159
v -1.578841 0.077556 -0.608916
v -1.578841 0.074101 -0.615907
v -1.687492 0.032440 0.642015
v -1.681269 0.026390 0.648031
v -1.681269 0.031279 0.650586
v -1.685668 0.028403 0.645783
v -1.684862 0.028702 0.649576
v -1.681269 0.027582 0.651843
v -1.685668 0.031860 0.647590
v -1.687492 0.032440 -0.642015
v -1.681269 0.031279 -0.650586
v -1.681269 0.026391 -0.648031
v -1.685668 0.031859 -0.647590
v -1.684862 0.028702 -0.649576
v -1.681269 0.027582 -0.651843
v -1.685668 0.028403 -0.645783
v -1.577019 0.032440 0.642015
v -1.583240 0.031279 0.650586
v -1.583240 0.026390 0.648031
v -1.578841 0.031860 0.647590
v -1.579648 0.028702 0.649576
v -1.583240 0.027582 0.651843
v -1.578841 0.028403 0.645783
v -1.583240 0.031279 -0.650586
v -1.577019 0.032440 -0.642015
v -1.583240 0.026391 -0.648031
v -1.578841 0.031859 -0.647590
v -1.579648 0.028702 -0.649576
v -1.578841 0.028403 -0.645783
v -1.583240 0.027582 -0.651843
v -1.675450 1.430244 -0.059256
v -1.671091 1.430244 0.063615
v -1.674242 1.430244 0.062408
v -1.675450 1.430244 0.059257
v -1.674242 0.079569 0.062408
v -1.671091 0.079569 0.063615
v -1.675450 0.079569 0.059257
v -1.671091 0.079569 -0.063615
v -1.674242 0.079569 -0.062408
v -1.675450 0.079569 -0.059257
v -1.589060 0.079569 -0.059257
v -1.590267 0.079569 -0.062408
v -1.593418 0.079569 -0.063615
v -1.593418 0.079569 0.063615
v -1.590267 0.079569 0.062408
v -1.589060 0.079569 0.059257
v -1.634162 -0.008706 -0.485251
v -1.591398 -0.008706 -0.502963
v -1.573684 -0.008706 -0.545729
v -1.591398 -0.008707 -0.588493
v -1.634162 -0.008707 -0.606207
v -1.676928 -0.008707 -0.588494
v -1.694640 -0.008706 -0.545729
v -1.676928 -0.008706 -0.502963
v -1.601658 0.036272 -0.513223
v -1.634162 0.036272 -0.499759
v -1.588192 0.036272 -0.545729
v -1.601658 0.036272 -0.578235
v -1.634162 0.036272 -0.591699
v -1.666668 0.036272 -0.578235
v -1.680132 0.036272 -0.545729
v -1.666668 0.036272 -0.513223
v -1.634162 -0.008706 0.603075
v -1.591398 -0.008706 0.585360
v -1.573684 -0.008706 0.542596
v -1.591398 -0.008706 0.499831
v -1.634162 -0.008706 0.482118
v -1.676928 -0.008706 0.499831
v -1.694640 -0.008706 0.542596
v -1.676928 -0.008706 0.585360
v -1.601658 0.036272 0.575102
v -1.634162 0.036272 0.588566
v -1.588192 0.036272 0.542596
v -1.601658 0.036272 0.510091
v -1.634162 0.036272 0.496627
v -1.666668 0.036272 0.510091
v -1.680132 0.036272 0.542596
v -1.666668 0.036272 0.575102
v -1.674242 1.430244 -0.062408
v -1.590267 1.430244 0.062408
v -1.589060 1.430244 0.059257
v -1.590267 1.430244 -0.062408
v -1.593418 1.430244 -0.063614
v -1.593418 1.430244 0.063615
v -1.671091 1.430244 -0.063614
v -1.589060 1.430244 -0.059256
v 1.687492 0.073519 0.611205
v 1.681271 0.074680 0.618033
v 1.681271 0.079569 0.608146
v 1.685668 0.074100 0.615907
v 1.684862 0.077257 0.613159
v 1.681271 0.078377 0.613745
v 1.685668 0.077556 0.608916
v 1.687492 0.073519 -0.611205
v 1.681271 0.079569 -0.608146
v 1.681271 0.074680 -0.618033
v 1.685668 0.077556 -0.608916
v 1.684862 0.077257 -0.613159
v 1.681271 0.078377 -0.613745
v 1.685668 0.074100 -0.615907
v 1.577019 0.073519 0.611205
v 1.583240 0.079569 0.608146
v 1.583240 0.074680 0.618033
v 1.578841 0.077556 0.608916
v 1.579648 0.077257 0.613159
v 1.583240 0.078377 0.613745
v 1.578841 0.074100 0.615907
v 1.583240 0.074680 -0.618033
v 1.583240 0.079569 -0.608146
v 1.577019 0.073519 -0.611205
v 1.583240 0.078377 -0.613745
v 1.579648 0.077257 -0.613159
v 1.578841 0.077556 -0.608916
v 1.578841 0.074100 -0.615907
v 1.687492 0.032439 0.642015
v 1.681271 0.026390 0.648031
v 1.681271 0.031277 0.650586
v 1.685668 0.028403 0.645783
v 1.684862 0.028702 0.649576
v 1.681271 0.027582 0.651843
v 1.685668 0.031858 0.647590
v 1.687492 0.032440 -0.642015
v 1.681271 0.031279 -0.650586
v 1.681271 0.026390 -0.648031
v 1.685668 0.031859 -0.647590
v 1.684862 0.028702 -0.649576
v 1.681271 0.027582 -0.651843
v 1.685668 0.028403 -0.645783
v 1.577019 0.032439 0.642015
v 1.583240 0.031277 0.650586
v 1.583240 0.026390 0.648031
v 1.578841 0.031858 0.647590
v 1.579648 0.028702 0.649576
v 1.583240 0.027582 0.651843
v 1.578841 0.028403 0.645783
v 1.583240 0.031279 -0.650586
v 1.577019 0.032440 -0.642015
v 1.583240 0.026390 -0.648031
v 1.578841 0.031859 -0.647590
v 1.579648 0.028702 -0.649576
v 1.578841 0.028403 -0.645783
v 1.583240 0.027582 -0.651843
v 1.675450 1.430244 -0.059256
v 1.671091 1.430244 0.063615
v 1.674242 1.430244 0.062408
v 1.675450 1.430244 0.059257
v 1.674242 0.079569 0.062408
v 1.671091 0.079569 0.063615
v 1.675450 0.079569 0.059257
v 1.671091 0.079569 -0.063615
v 1.674242 0.079569 -0.062408
v 1.675450 0.079569 -0.059257
v 1.589060 0.079569 -0.059257
v 1.590267 0.079569 -0.062408
v 1.593418 0.079569 -0.063615
v 1.593418 0.079569 0.063615
v 1.590267 0.079569 0.062408
v 1.589060 0.079569 0.059257
v 1.634162 -0.008706 -0.485251
v 1.591398 -0.008706 -0.502963
v 1.573684 -0.008706 -0.545729
v 1.591398 -0.008707 -0.588493
v 1.634162 -0.008707 -0.606207
v 1.676928 -0.008707 -0.588494
v 1.694642 -0.008706 -0.545729
v 1.676928 -0.008706 -0.502963
v 1.601658 0.036272 -0.513223
v 1.634162 0.036272 -0.499759
v 1.588192 0.036272 -0.545729
v 1.601658 0.036272 -0.578235
v 1.634162 0.036272 -0.591699
v 1.666668 0.036272 -0.578235
v 1.680132 0.036272 -0.545729
v 1.666668 0.036272 -0.513223
v 1.634162 -0.008706 0.603075
v 1.591398 -0.008706 0.585360
v 1.573684 -0.008706 0.542596
v 1.591398 -0.008706 0.499831
v 1.634162 -0.008706 0.482118
v 1.676928 -0.008706 0.499831
v 1.694642 -0.008706 0.542596
v 1.676928 -0.008706 0.585360
v 1.601658 0.036272 0.575102
v 1.634162 0.036272 0.588566
v 1.588192 0.036272 0.542596
v 1.601658 0.036272 0.510091
v 1.634162 0.036272 0.496627
v 1.666668 0.036272 0.510091
v 1.680132 0.036272 0.542596
v 1.666668 0.036272 0.575102
v 1.674242 1.430244 -0.062408
v 1.590267 1.430244 0.062408
v 1.589060 1.430244 0.059257
v 1.590267 1.430244 -0.062408
v 1.593418 1.430244 -0.063614
v 1.593418 1.430244 0.063615
v 1.671091 1.430244 -0.063614
v 1.589060 1.430244 -0.059256
vn -0.9564 0.2618 -0.1294
vn -0.9842 -0.0822 0.1571
vn -0.9564 0.2617 0.1294
vn -0.1998 0.6604 0.7238
vn 0.2283 0.4546 0.8610
vn 0.2004 0.6599 0.7241
vn -0.1972 0.9762 0.0907
vn 0.1975 0.9761 -0.0904
vn -0.1972 0.9762 -0.0906
vn 0.1997 0.6604 -0.7238
vn -0.2282 0.4545 -0.8610
vn -0.2004 0.6599 -0.7241
vn 0.9565 0.2616 0.1293
vn 0.9841 -0.0822 -0.1572
vn 0.9565 0.2616 -0.1293
vn 0.2237 -0.9635 -0.1472
vn -0.2237 -0.9635 0.1472
vn -0.2236 -0.9635 -0.1472
vn -0.5802 0.7301 0.3610
vn -0.6883 0.7195 0.0926
vn -0.6934 0.5045 0.5145
vn -0.1830 0.8813 0.4357
vn -0.5800 0.7302 -0.3610
vn -0.6934 0.5045 -0.5145
vn -0.6883 0.7195 -0.0926
vn -0.1830 0.8813 -0.4357
vn 0.5800 0.7302 0.3610
vn 0.6934 0.5045 0.5145
vn 0.1970 0.9762 0.0908
vn 0.6884 0.7194 0.0926
vn 0.1830 0.8813 0.4357
vn 0.5800 0.7303 -0.3610
vn 0.6934 0.5045 -0.5145
vn 0.1830 0.8813 -0.4357
vn 0.6884 0.7194 -0.0925
vn -0.7734 -0.6166 0.1474
vn -0.7802 0.2429 0.5764
vn -0.7259 -0.3187 0.6095
vn -0.2282 0.4545 0.8610
vn -0.2888 -0.4436 0.8484
vn -0.7803 0.2431 -0.5763
vn -0.7734 -0.6166 -0.1474
vn -0.9842 -0.0822 -0.1571
vn -0.7259 -0.3187 -0.6095
vn -0.2888 -0.4436 -0.8484
vn 0.7803 0.2430 0.5763
vn 0.7734 -0.6165 0.1473
vn 0.9842 -0.0820 0.1571
vn 0.7259 -0.3187 0.6095
vn 0.2236 -0.9635 0.1472
vn 0.2888 -0.4436 0.8484
vn 0.2282 0.4545 -0.8610
vn 0.7259 -0.3187 -0.6095
vn 0.2888 -0.4436 -0.8484
vn 0.7734 -0.6165 -0.1473
vn 0.7803 0.2431 -0.5763
vn -0.1820 -0.0000 -0.9833
vn -0.7070 -0.0000 -0.7072
vn -0.1818 -0.0000 -0.9833
vn -0.7071 -0.0000 -0.7071
vn -0.9833 -0.0000 -0.1819
vn 0.9833 -0.0000 -0.1820
vn 0.7070 -0.0000 -0.7072
vn 0.9833 -0.0000 -0.1819
vn 0.7071 -0.0000 -0.7071
vn 0.1818 -0.0000 -0.9833
vn 0.1820 -0.0000 0.9833
vn 0.7071 -0.0000 0.7071
vn 0.9833 -0.0000 0.1820
vn -0.7071 -0.0000 0.7071
vn -0.9833 -0.0000 0.1820
vn -0.1820 -0.0000 0.9833
vn -0.9833 -0.0000 -0.1820
vn 0.1820 -0.0000 -0.9833
vn -0.0000 -1.0000 -0.0000
vn 0.9517 0.3070 -0.0000
vn 0.6730 0.3070 0.6730
vn -0.6730 0.3070 0.6730
vn -0.9517 0.3070 -0.0000
vn -0.0000 0.3070 -0.9517
vn -0.6729 0.3070 -0.6730
vn 0.6730 0.3070 -0.6730
vn -0.0000 0.3070 0.9517
vn -0.6729 0.3070 0.6730
vn -0.6730 0.3070 -0.6730
vn 0.6729 0.3070 0.6730
vn 0.9841 -0.0823 0.1573
vn 0.9564 0.2617 -0.1294
vn 0.9564 0.2617 0.1294
vn 0.2005 0.6599 0.7241
vn -0.1975 0.9761 -0.0906
vn 0.1976 0.9761 0.0906
vn 0.1969 0.9762 -0.0909
vn 0.2283 0.4546 -0.8609
vn -0.1995 0.6606 -0.7237
vn 0.1999 0.6603 -0.7239
vn -0.9565 0.2616 0.1293
vn -0.9565 0.2616 -0.1293
vn 0.2236 -0.9635 0.1473
vn 0.2236 -0.9635 -0.1473
vn 0.5801 0.7302 0.3609
vn 0.6883 0.7195 0.0926
vn 0.5801 0.7302 -0.3609
vn 0.6883 0.7195 -0.0926
vn -0.5800 0.7302 0.3610
vn -0.6884 0.7194 0.0926
vn -0.6934 0.5045 0.5144
vn -0.5800 0.7303 -0.3610
vn -0.6884 0.7194 -0.0926
vn 0.7803 0.2431 0.5763
vn 0.7259 -0.3186 0.6096
vn 0.2887 -0.4436 0.8484
vn 0.2283 0.4545 0.8610
vn 0.7734 -0.6165 -0.1474
vn 0.7803 0.2430 -0.5763
vn 0.9842 -0.0822 -0.1571
vn 0.7259 -0.3186 -0.6095
vn 0.2887 -0.4436 -0.8484
vn -0.7734 -0.6165 0.1473
vn -0.7803 0.2430 0.5763
vn -0.7259 -0.3185 0.6096
vn -0.2236 -0.9635 0.1472
vn -0.2282 0.4544 -0.8611
vn -0.7803 0.2430 -0.5763
vn -0.7735 -0.6165 -0.1473
vn 0.6729 0.3070 -0.6730
vt 0.810470 0.038595
vt 0.838299 0.458353
vt 0.810470 0.458353
vt 0.810470 0.461571
vt 0.838299 0.494367
vt 0.810470 0.494367
vt 0.805376 0.458353
vt 0.754636 0.038595
vt 0.805376 0.038595
vt 0.810470 0.002581
vt 0.838299 0.035377
vt 0.810470 0.035377
vt 0.749542 0.458353
vt 0.721712 0.038595
vt 0.749542 0.038595
vt 0.893900 0.038595
vt 0.843161 0.458353
vt 0.843161 0.038595
vt 0.807858 0.459967
vt 0.807858 0.458353
vt 0.810470 0.459967
vt 0.805376 0.459967
vt 0.807858 0.036982
vt 0.810470 0.036982
vt 0.807858 0.038595
vt 0.807858 0.035377
vt 0.752154 0.459967
vt 0.749542 0.459967
vt 0.754636 0.458353
vt 0.752154 0.458353
vt 0.807858 0.495971
vt 0.807858 0.494367
vt 0.807858 0.000977
vt 0.810470 0.000977
vt 0.752154 0.036982
vt 0.754636 0.036982
vt 0.752154 0.038595
vt 0.840679 0.458353
vt 0.838299 0.459967
vt 0.840679 0.459967
vt 0.838299 0.461571
vt 0.840679 0.461571
vt 0.838299 0.036982
vt 0.840679 0.038595
vt 0.838299 0.038595
vt 0.840679 0.036982
vt 0.843161 0.036982
vt 0.721712 0.459967
vt 0.719333 0.458353
vt 0.721712 0.458353
vt 0.840679 0.495971
vt 0.838299 0.495971
vt 0.893900 0.458354
vt 0.896382 0.459967
vt 0.893900 0.459967
vt 0.838299 0.002581
vt 0.840679 0.000977
vt 0.840679 0.002581
vt 0.719333 0.038595
vt 0.721712 0.036982
vt 0.896382 0.036982
vt 0.896382 0.038595
vt 0.807858 0.002581
vt 0.805376 0.036982
vt 0.807858 0.461571
vt 0.754636 0.459967
vt 0.893900 0.036982
vt 0.840679 0.035377
vt 0.896382 0.458354
vt 0.843161 0.459967
vt 0.840679 0.494367
vt 0.749542 0.036982
vt 0.838299 0.000977
vt 0.715756 0.094543
vt 0.492565 0.098439
vt 0.492565 0.094543
vt 0.715756 0.098439
vt 0.492565 0.102334
vt 0.715756 0.481226
vt 0.492565 0.485121
vt 0.492565 0.481226
vt 0.715756 0.000977
vt 0.492565 0.004872
vt 0.492565 0.000977
vt 0.715756 0.336616
vt 0.492565 0.340511
vt 0.492565 0.336616
vt 0.715756 0.340511
vt 0.492565 0.344407
vt 0.492565 0.243049
vt 0.715756 0.239153
vt 0.715756 0.243049
vt 0.492565 0.246944
vt 0.715756 0.246944
vt 0.492565 0.239153
vt 0.715756 0.102334
vt 0.715756 0.344407
vt 0.715756 0.004872
vt 0.559468 0.654988
vt 0.579404 0.654988
vt 0.593501 0.669085
vt 0.714681 0.747896
vt 0.734617 0.747896
vt 0.748714 0.761993
vt 0.851476 0.575388
vt 0.870999 0.594028
vt 0.851476 0.594028
vt 0.851476 0.482184
vt 0.870999 0.500825
vt 0.851476 0.500825
vt 0.851476 0.538106
vt 0.870999 0.519466
vt 0.870999 0.538106
vt 0.870999 0.556747
vt 0.870999 0.575388
vt 0.870999 0.612669
vt 0.851476 0.612669
vt 0.851476 0.463543
vt 0.870999 0.482184
vt 0.851476 0.519466
vt 0.851476 0.556747
vt 0.894099 0.556747
vt 0.874576 0.575387
vt 0.874576 0.556747
vt 0.894099 0.519465
vt 0.874576 0.500825
vt 0.894099 0.500825
vt 0.894099 0.482184
vt 0.874576 0.463543
vt 0.894099 0.463543
vt 0.894099 0.575387
vt 0.874576 0.594028
vt 0.874576 0.538106
vt 0.894099 0.538106
vt 0.874576 0.519465
vt 0.874576 0.482184
vt 0.894099 0.594028
vt 0.874576 0.612669
vt 0.644111 0.799766
vt 0.053873 0.779974
vt 0.644111 0.779974
vt 0.694751 0.799766
vt 0.648635 0.779974
vt 0.694751 0.779974
vt 0.053873 0.740267
vt 0.644111 0.776352
vt 0.053873 0.776352
vt 0.049349 0.799766
vt 0.003233 0.779974
vt 0.049349 0.779974
vt 0.053873 0.716853
vt 0.644111 0.736644
vt 0.053873 0.736644
vt 0.644111 0.803223
vt 0.053873 0.839308
vt 0.053873 0.803223
vt 0.646379 0.778117
vt 0.646379 0.779974
vt 0.648635 0.778117
vt 0.644111 0.778117
vt 0.051605 0.778117
vt 0.053873 0.778117
vt 0.051605 0.776352
vt 0.051605 0.779974
vt 0.646379 0.738502
vt 0.644111 0.738502
vt 0.644111 0.740267
vt 0.646379 0.740267
vt 0.697007 0.778117
vt 0.697007 0.779974
vt 0.000977 0.778117
vt 0.003233 0.778117
vt 0.051605 0.738502
vt 0.053873 0.738502
vt 0.051605 0.736644
vt 0.646379 0.799766
vt 0.644111 0.801458
vt 0.646379 0.801458
vt 0.646379 0.803223
vt 0.648635 0.799766
vt 0.053873 0.801458
vt 0.051605 0.799766
vt 0.053873 0.799766
vt 0.051605 0.801458
vt 0.049349 0.801458
vt 0.644111 0.715161
vt 0.646379 0.716853
vt 0.644111 0.716853
vt 0.697007 0.801458
vt 0.694751 0.801458
vt 0.644111 0.839308
vt 0.646379 0.841073
vt 0.644111 0.841073
vt 0.003233 0.799766
vt 0.000977 0.801458
vt 0.000977 0.799766
vt 0.051605 0.716853
vt 0.053873 0.715161
vt 0.051605 0.841073
vt 0.051605 0.839308
vt 0.051605 0.740267
vt 0.646379 0.776352
vt 0.003233 0.801458
vt 0.648635 0.801458
vt 0.646379 0.736644
vt 0.697007 0.799766
vt 0.000977 0.779974
vt 0.344728 0.000977
vt 0.343274 0.599227
vt 0.343274 0.000977
vt 0.346181 0.000977
vt 0.344728 0.599227
vt 0.488988 0.000977
vt 0.487535 0.599227
vt 0.487535 0.000977
vt 0.309820 0.000977
vt 0.308367 0.599227
vt 0.308367 0.000977
vt 0.435038 0.000977
vt 0.433585 0.599227
vt 0.433585 0.000977
vt 0.436492 0.000977
vt 0.435038 0.599227
vt 0.397224 0.599227
vt 0.398678 0.000977
vt 0.398678 0.599227
vt 0.400131 0.000977
vt 0.400131 0.599227
vt 0.346181 0.599227
vt 0.397224 0.000977
vt 0.436491 0.599227
vt 0.309820 0.599227
vt 0.541794 0.688993
vt 0.507761 0.703090
vt 0.493664 0.669057
vt 0.441957 0.662616
vt 0.475990 0.648519
vt 0.490087 0.682552
vt 0.131461 0.956821
vt 0.112821 0.937298
vt 0.131461 0.937298
vt 0.038258 0.956821
vt 0.019617 0.937298
vt 0.038258 0.937298
vt 0.075540 0.937298
vt 0.056899 0.956821
vt 0.056899 0.937298
vt 0.094180 0.956821
vt 0.094180 0.937298
vt 0.150102 0.956821
vt 0.150102 0.937298
vt 0.019617 0.956821
vt 0.000977 0.937298
vt 0.075540 0.956821
vt 0.389625 0.661122
vt 0.405877 0.683515
vt 0.389625 0.683515
vt 0.340870 0.661122
vt 0.357122 0.683515
vt 0.340870 0.683515
vt 0.308367 0.683515
vt 0.324619 0.661122
vt 0.324619 0.683515
vt 0.422129 0.661122
vt 0.422129 0.683515
vt 0.373374 0.661122
vt 0.373374 0.683515
vt 0.357122 0.661122
vt 0.438380 0.661122
vt 0.438380 0.683515
vt 0.810470 0.495971
vt 0.719333 0.459967
vt 0.719333 0.036982
vt 0.715756 0.485121
vt 0.593501 0.689021
vt 0.579404 0.703118
vt 0.559468 0.703118
vt 0.545371 0.689021
vt 0.545371 0.669085
vt 0.748714 0.781929
vt 0.734617 0.796026
vt 0.714681 0.796026
vt 0.700584 0.781929
vt 0.700584 0.761993
vt 0.870999 0.463543
vt 0.894099 0.612669
vt 0.049349 0.778117
vt 0.694751 0.778117
vt 0.051605 0.803223
vt 0.646379 0.715161
vt 0.646379 0.839308
vt 0.051605 0.715161
vt 0.053873 0.841073
vt 0.488988 0.599227
vt 0.527697 0.703090
vt 0.493664 0.688993
vt 0.507761 0.654959
vt 0.527697 0.654959
vt 0.541794 0.669056
vt 0.456054 0.648519
vt 0.490087 0.662615
vt 0.475990 0.696649
vt 0.456054 0.696649
vt 0.441957 0.682552
vt 0.112821 0.956821
vt 0.000977 0.956821
vt 0.405877 0.661122
vt 0.308367 0.661122
s 1
usemtl Material.003
f 784/933/595 805/934/596 777/935/597
f 778/936/598 820/937/599 793/938/600
f 779/939/601 799/940/602 785/941/603
f 798/942/604 813/943/605 786/944/606
f 791/945/607 827/946/608 800/947/609
f 828/948/610 806/949/611 814/950/612
f 777/935/597 781/951/613 783/952/614
f 778/936/598 781/951/613 780/953/615
f 779/939/601 781/951/613 782/954/616
f 784/933/595 788/955/617 790/956/618
f 785/941/603 788/955/617 787/957/619
f 786/944/606 788/955/617 789/958/620
f 791/945/607 795/959/621 797/960/622
f 792/961/623 795/959/621 794/962/624
f 793/938/600 795/963/621 796/964/625
f 798/942/604 802/965/626 804/966/627
f 799/940/602 802/967/626 801/968/628
f 800/947/609 802/967/626 803/969/629
f 808/970/630 811/971/631 805/934/596
f 806/949/611 809/972/632 808/970/630
f 807/973/633 809/972/632 810/974/634
f 815/975/635 818/976/636 812/977/637
f 813/943/605 816/978/638 815/975/635
f 814/950/612 816/978/638 817/979/639
f 822/980/640 825/981/641 819/982/642
f 820/937/599 823/983/643 822/984/640
f 821/985/644 823/986/643 824/987/645
f 826/988/646 830/989/647 832/990/648
f 831/991/649 829/992/650 827/946/608
f 828/948/610 830/993/647 831/994/649
f 777/935/597 787/957/619 784/933/595
f 783/952/614 785/941/603 787/957/619
f 786/944/606 801/995/628 798/942/604
f 789/996/620 799/940/602 801/968/628
f 800/947/609 794/962/624 791/945/607
f 803/969/629 792/961/623 794/962/624
f 793/938/600 782/997/616 778/936/598
f 796/998/625 779/939/601 782/954/616
f 806/949/611 818/976/636 814/950/612
f 808/970/630 812/977/637 818/976/636
f 814/950/612 832/999/648 828/948/610
f 817/1000/639 826/988/646 832/990/648
f 828/948/610 825/1001/641 821/985/644
f 825/981/641 827/946/608 819/982/642
f 821/985/644 810/1002/634 806/949/611
f 824/1003/645 807/973/633 810/974/634
f 786/944/606 815/975/635 790/956/618
f 790/956/618 812/977/637 784/933/595
f 778/936/598 811/971/631 807/973/633
f 780/953/615 805/934/596 811/971/631
f 819/982/642 797/960/622 822/980/640
f 822/984/640 793/938/600 820/937/599
f 827/946/608 804/1004/627 800/947/609
f 829/1005/650 798/942/604 804/966/627
f 840/1006/651 881/1007/652 887/1008/653
f 841/1009/654 833/1010/655 881/1007/652
f 843/1011/656 884/1012/657 888/1013/658
f 844/1014/659 885/1015/660 884/1016/657
f 846/1017/661 882/1018/662 886/1019/661
f 847/1020/662 883/1021/663 882/1018/662
f 835/1022/664 839/1023/665 837/1024/664
f 834/1025/666 837/1024/664 838/1026/666
f 836/1027/665 842/1028/667 839/1023/665
f 886/1019/661 838/1026/666 846/1017/661
f 888/1013/658 848/1029/663 843/1011/656
f 887/1008/653 845/1030/668 840/1006/651
f 853/1031/669 852/1032/669 851/1033/669
f 869/1034/669 868/1035/669 867/1036/669
f 851/1037/670 857/1038/671 850/1039/671
f 856/1040/672 863/1041/673 855/1042/673
f 853/1043/674 862/1044/675 861/1045/674
f 851/1037/670 860/1046/676 859/1047/670
f 850/1039/671 858/1048/677 849/1049/677
f 849/1050/677 864/1051/678 856/1040/672
f 854/1052/679 863/1041/673 862/1044/675
f 852/1053/676 861/1045/674 860/1046/676
f 866/1054/671 875/1055/670 873/1056/680
f 872/1057/672 879/1058/673 871/1059/673
f 870/1060/679 877/1061/674 869/1062/674
f 867/1063/670 876/1064/676 875/1055/670
f 866/1054/671 874/1065/677 865/1066/677
f 865/1066/677 880/1067/672 872/1057/672
f 870/1060/679 879/1058/673 878/1068/679
f 868/1069/676 877/1070/674 876/1064/676
f 917/1071/681 896/1072/682 889/1073/683
f 932/1074/633 890/1075/684 905/1076/598
f 911/1077/685 891/1078/686 897/1079/687
f 925/1080/688 910/1081/689 898/1082/690
f 939/1083/637 903/1084/691 912/1085/692
f 918/1086/693 940/1087/612 926/1088/694
f 889/1073/683 893/1089/695 892/1090/622
f 890/1075/684 893/1089/695 894/1091/625
f 891/1078/686 893/1089/695 895/1092/696
f 896/1072/682 900/1093/697 899/1094/698
f 897/1079/687 900/1093/697 901/1095/628
f 898/1082/690 900/1093/697 902/1096/627
f 903/1084/691 907/1097/699 906/1098/700
f 904/1099/601 907/1097/699 908/1100/616
f 905/1076/598 907/1101/699 909/1102/701
f 910/1081/689 914/1103/702 913/1104/620
f 911/1077/685 914/1105/702 915/1106/703
f 912/1085/692 914/1105/702 916/1107/618
f 923/1108/704 920/1109/641 917/1071/681
f 918/1086/693 921/1110/705 922/1111/706
f 919/1112/707 921/1110/705 923/1108/704
f 930/1113/708 927/1114/709 924/1115/710
f 925/1080/688 928/1116/711 929/1117/712
f 926/1088/694 928/1116/711 930/1113/708
f 937/1118/713 934/1119/714 931/1120/596
f 932/1074/633 935/1121/715 936/1122/634
f 933/1123/716 935/1124/715 937/1125/713
f 938/1126/717 942/1127/638 941/1128/718
f 941/1129/718 943/1130/719 939/1083/637
f 940/1087/612 942/1131/638 944/1132/639
f 899/1094/698 889/1073/683 896/1072/682
f 897/1079/687 895/1092/696 899/1094/698
f 913/1104/620 898/1082/690 910/1081/689
f 911/1077/685 901/1095/628 913/1133/620
f 906/1098/700 912/1085/692 903/1084/691
f 904/1099/601 915/1106/703 906/1098/700
f 894/1091/625 905/1076/598 890/1075/684
f 891/1078/686 908/1100/616 894/1134/625
f 930/1113/708 918/1086/693 926/1088/694
f 930/1113/708 917/1071/681 920/1109/641
f 944/1132/639 926/1088/694 940/1087/612
f 938/1126/717 929/1117/712 944/1135/639
f 937/1125/713 940/1087/612 933/1123/716
f 931/1120/596 943/1130/719 937/1118/713
f 922/1111/706 933/1123/716 918/1086/693
f 919/1112/707 936/1122/634 922/1136/706
f 898/1082/690 927/1114/709 925/1080/688
f 902/1096/627 924/1115/710 927/1114/709
f 923/1108/704 890/1075/684 919/1112/707
f 917/1071/681 892/1090/622 923/1108/704
f 931/1120/596 909/1137/701 903/1084/691
f 934/1138/714 905/1076/598 909/1102/701
f 916/1107/618 939/1083/637 912/1085/692
f 910/1081/689 941/1128/718 916/1139/618
f 993/1140/657 952/1141/668 999/1142/660
f 945/1143/658 953/1144/659 993/1140/657
f 996/1145/652 955/1146/667 1000/1147/655
f 997/1148/653 956/1149/654 996/1150/652
f 994/1151/664 958/1152/666 998/1153/666
f 995/1154/665 959/1155/664 994/1151/664
f 951/1156/663 947/1157/662 949/1158/662
f 949/1158/662 946/1159/661 950/1160/661
f 954/1161/656 948/1162/663 951/1156/663
f 950/1160/661 998/1153/666 958/1152/666
f 960/1163/665 1000/1147/655 955/1146/667
f 957/1164/651 999/1142/660 952/1141/668
f 961/1165/669 963/1166/669 965/1167/669
f 977/1168/669 979/1169/669 981/1170/669
f 969/1171/672 963/1172/673 962/1173/672
f 975/1174/670 968/1175/671 967/1176/670
f 965/1177/674 974/1178/720 966/1179/676
f 963/1172/673 972/1180/679 964/1181/679
f 970/1182/677 962/1173/672 961/1183/677
f 976/1184/680 961/1185/677 968/1175/671
f 966/1179/676 975/1174/670 967/1176/670
f 964/1181/679 973/1186/674 965/1177/674
f 985/1187/672 979/1188/673 978/1189/672
f 991/1190/670 984/1191/671 983/1192/670
f 981/1193/674 990/1194/720 982/1195/676
f 979/1188/673 988/1196/679 980/1197/679
f 986/1198/677 978/1189/672 977/1199/677
f 992/1200/671 977/1199/677 984/1191/671
f 982/1195/676 991/1190/670 983/1192/670
f 980/1197/679 989/1201/674 981/1202/674
f 784/933/595 812/977/637 805/934/596
f 778/936/598 807/973/633 820/937/599
f 779/939/601 792/961/623 799/940/602
f 798/942/604 826/988/646 813/943/605
f 791/945/607 819/982/642 827/946/608
f 828/948/610 821/985/644 806/949/611
f 777/935/597 780/953/615 781/951/613
f 778/936/598 782/997/616 781/951/613
f 779/939/601 783/952/614 781/951/613
f 784/933/595 787/957/619 788/955/617
f 785/941/603 789/996/620 788/955/617
f 786/944/606 790/956/618 788/955/617
f 791/945/607 794/962/624 795/959/621
f 792/961/623 796/998/625 795/959/621
f 793/938/600 797/1203/622 795/963/621
f 798/942/604 801/995/628 802/965/626
f 799/940/602 803/969/629 802/967/626
f 800/947/609 804/1004/627 802/967/626
f 808/970/630 809/972/632 811/971/631
f 806/949/611 810/1002/634 809/972/632
f 807/973/633 811/971/631 809/972/632
f 815/975/635 816/978/638 818/976/636
f 813/943/605 817/1000/639 816/978/638
f 814/950/612 818/976/636 816/978/638
f 822/980/640 823/1204/643 825/981/641
f 820/937/599 824/1003/645 823/983/643
f 821/985/644 825/1001/641 823/986/643
f 826/988/646 829/1005/650 830/989/647
f 831/991/649 830/1205/647 829/992/650
f 828/948/610 832/999/648 830/993/647
f 777/935/597 783/952/614 787/957/619
f 783/952/614 779/939/601 785/941/603
f 786/944/606 789/958/620 801/995/628
f 789/996/620 785/941/603 799/940/602
f 800/947/609 803/969/629 794/962/624
f 803/969/629 799/940/602 792/961/623
f 793/938/600 796/964/625 782/997/616
f 796/998/625 792/961/623 779/939/601
f 806/949/611 808/970/630 818/976/636
f 808/970/630 805/934/596 812/977/637
f 814/950/612 817/979/639 832/999/648
f 817/1000/639 813/943/605 826/988/646
f 828/948/610 831/994/649 825/1001/641
f 825/981/641 831/991/649 827/946/608
f 821/985/644 824/987/645 810/1002/634
f 824/1003/645 820/937/599 807/973/633
f 786/944/606 813/943/605 815/975/635
f 790/956/618 815/975/635 812/977/637
f 778/936/598 780/953/615 811/971/631
f 780/953/615 777/935/597 805/934/596
f 819/982/642 791/945/607 797/960/622
f 822/984/640 797/1203/622 793/938/600
f 827/946/608 829/992/650 804/1004/627
f 829/1005/650 826/988/646 798/942/604
f 840/1006/651 841/1009/654 881/1007/652
f 841/1009/654 842/1028/667 833/1010/655
f 843/1011/656 844/1206/659 884/1012/657
f 844/1014/659 845/1030/668 885/1015/660
f 846/1017/661 847/1020/662 882/1018/662
f 847/1020/662 848/1029/663 883/1021/663
f 835/1022/664 836/1027/665 839/1023/665
f 834/1025/666 835/1022/664 837/1024/664
f 836/1027/665 833/1010/655 842/1028/667
f 886/1019/661 834/1025/666 838/1026/666
f 888/1013/658 883/1021/663 848/1029/663
f 887/1008/653 885/1015/660 845/1030/668
f 851/1033/669 850/1207/669 849/1208/669
f 849/1208/669 856/1209/669 851/1033/669
f 856/1209/669 855/1210/669 851/1033/669
f 855/1210/669 854/1211/669 851/1033/669
f 854/1211/669 853/1031/669 851/1033/669
f 867/1036/669 866/1212/669 865/1213/669
f 865/1213/669 872/1214/669 867/1036/669
f 872/1214/669 871/1215/669 867/1036/669
f 871/1215/669 870/1216/669 867/1036/669
f 870/1216/669 869/1034/669 867/1036/669
f 851/1037/670 859/1047/670 857/1038/671
f 856/1040/672 864/1051/678 863/1041/673
f 853/1043/674 854/1052/679 862/1044/675
f 851/1037/670 852/1053/676 860/1046/676
f 850/1039/671 857/1038/671 858/1048/677
f 849/1050/677 858/1217/677 864/1051/678
f 854/1052/679 855/1042/673 863/1041/673
f 852/1053/676 853/1043/674 861/1045/674
f 866/1054/671 867/1063/670 875/1055/670
f 872/1057/672 880/1067/672 879/1058/673
f 870/1060/679 878/1068/679 877/1061/674
f 867/1063/670 868/1069/676 876/1064/676
f 866/1054/671 873/1056/680 874/1065/677
f 865/1066/677 874/1065/677 880/1067/672
f 870/1060/679 871/1059/673 879/1058/673
f 868/1069/676 869/1218/674 877/1070/674
f 917/1071/681 924/1115/710 896/1072/682
f 932/1074/633 919/1112/707 890/1075/684
f 911/1077/685 904/1099/601 891/1078/686
f 925/1080/688 938/1126/717 910/1081/689
f 939/1083/637 931/1120/596 903/1084/691
f 918/1086/693 933/1123/716 940/1087/612
f 889/1073/683 895/1092/696 893/1089/695
f 890/1075/684 892/1090/622 893/1089/695
f 891/1078/686 894/1134/625 893/1089/695
f 896/1072/682 902/1096/627 900/1093/697
f 897/1079/687 899/1094/698 900/1093/697
f 898/1082/690 901/1219/628 900/1093/697
f 903/1084/691 909/1137/701 907/1097/699
f 904/1099/601 906/1098/700 907/1097/699
f 905/1076/598 908/1220/616 907/1101/699
f 910/1081/689 916/1139/618 914/1103/702
f 911/1077/685 913/1133/620 914/1105/702
f 912/1085/692 915/1106/703 914/1105/702
f 923/1108/704 921/1110/705 920/1109/641
f 918/1086/693 920/1109/641 921/1110/705
f 919/1112/707 922/1136/706 921/1110/705
f 930/1113/708 928/1116/711 927/1114/709
f 925/1080/688 927/1114/709 928/1116/711
f 926/1088/694 929/1221/712 928/1116/711
f 937/1118/713 935/1222/715 934/1119/714
f 932/1074/633 934/1138/714 935/1121/715
f 933/1123/716 936/1223/634 935/1124/715
f 938/1126/717 944/1135/639 942/1127/638
f 941/1129/718 942/1224/638 943/1130/719
f 940/1087/612 943/1225/719 942/1131/638
f 899/1094/698 895/1092/696 889/1073/683
f 897/1079/687 891/1078/686 895/1092/696
f 913/1104/620 901/1219/628 898/1082/690
f 911/1077/685 897/1079/687 901/1095/628
f 906/1098/700 915/1106/703 912/1085/692
f 904/1099/601 911/1077/685 915/1106/703
f 894/1091/625 908/1220/616 905/1076/598
f 891/1078/686 904/1099/601 908/1100/616
f 930/1113/708 920/1109/641 918/1086/693
f 930/1113/708 924/1115/710 917/1071/681
f 944/1132/639 929/1221/712 926/1088/694
f 938/1126/717 925/1080/688 929/1117/712
f 937/1125/713 943/1225/719 940/1087/612
f 931/1120/596 939/1083/637 943/1130/719
f 922/1111/706 936/1223/634 933/1123/716
f 919/1112/707 932/1074/633 936/1122/634
f 898/1082/690 902/1096/627 927/1114/709
f 902/1096/627 896/1072/682 924/1115/710
f 923/1108/704 892/1090/622 890/1075/684
f 917/1071/681 889/1073/683 892/1090/622
f 931/1120/596 934/1119/714 909/1137/701
f 934/1138/714 932/1074/633 905/1076/598
f 916/1107/618 941/1129/718 939/1083/637
f 910/1081/689 938/1126/717 941/1128/718
f 993/1140/657 953/1144/659 952/1141/668
f 945/1143/658 954/1161/656 953/1144/659
f 996/1145/652 956/1226/654 955/1146/667
f 997/1148/653 957/1164/651 956/1149/654
f 994/1151/664 959/1155/664 958/1152/666
f 995/1154/665 960/1163/665 959/1155/664
f 951/1156/663 948/1162/663 947/1157/662
f 949/1158/662 947/1157/662 946/1159/661
f 954/1161/656 945/1143/658 948/1162/663
f 950/1160/661 946/1159/661 998/1153/666
f 960/1163/665 995/1154/665 1000/1147/655
f 957/1164/651 997/1148/653 999/1142/660
f 961/1165/669 962/1227/669 963/1166/669
f 963/1166/669 964/1228/669 965/1167/669
f 965/1167/669 966/1229/669 967/1230/669
f 967/1230/669 968/1231/669 965/1167/669
f 968/1231/669 961/1165/669 965/1167/669
f 977/1168/669 978/1232/669 979/1169/669
f 979/1169/669 980/1233/669 981/1170/669
f 981/1170/669 982/1234/669 983/1235/669
f 983/1235/669 984/1236/669 981/1170/669
f 984/1236/669 977/1168/669 981/1170/669
f 969/1171/672 971/1237/673 963/1172/673
f 975/1174/670 976/1184/680 968/1175/671
f 965/1177/674 973/1186/674 974/1178/720
f 963/1172/673 971/1237/673 972/1180/679
f 970/1182/677 969/1171/672 962/1173/672
f 976/1184/680 970/1238/677 961/1185/677
f 966/1179/676 974/1178/720 975/1174/670
f 964/1181/679 972/1180/679 973/1186/674
f 985/1187/672 987/1239/673 979/1188/673
f 991/1190/670 992/1200/671 984/1191/671
f 981/1193/674 989/1240/674 990/1194/720
f 979/1188/673 987/1239/673 988/1196/679
f 986/1198/677 985/1187/672 978/1189/672
f 992/1200/671 986/1198/677 977/1199/677
f 982/1195/676 990/1194/720 991/1190/670
f 980/1197/679 988/1196/679 989/1201/674
o upper_frame_low_Cube.018
v -1.683079 1.593216 0.088580
v -1.683079 1.593216 -0.088580
v -1.588807 0.125102 0.072332
v -1.588807 0.125102 -0.072332
v -1.679387 1.503933 0.102379
v -1.679387 1.583593 0.102379
v -1.679387 1.600175 0.155848
v -1.679387 1.583593 0.155848
v -1.679387 1.600175 0.086960
v -1.679387 1.503933 0.086960
v -1.679387 1.583593 0.086960
v -1.679387 1.503933 -0.102897
v -1.679387 1.583593 -0.102897
v -1.679387 1.600175 -0.156367
v -1.679387 1.583593 -0.156367
v -1.679387 1.600175 -0.087479
v -1.679387 1.503933 -0.087479
v -1.679387 1.583593 -0.087479
v -1.697298 1.600175 -0.327447
v -1.697298 1.600174 0.326262
v -1.697298 1.528143 -0.327447
v -1.697298 1.528143 0.326262
v -1.697298 1.583593 -0.327447
v -1.697298 1.583593 0.326262
v -1.750768 1.600175 0.326262
v -1.750767 1.600175 -0.327447
v -1.750767 1.583593 -0.327447
v -1.750768 1.583593 0.326262
v -1.681878 1.600175 -0.327447
v -1.681880 1.600174 0.326262
v -1.681878 1.528143 -0.327447
v -1.681880 1.528143 0.326262
v -1.681878 1.583593 -0.327447
v -1.697298 1.483150 0.119269
v -1.697298 1.483150 -0.120454
v -1.697298 1.583593 0.119269
v -1.697298 1.583593 -0.120454
v -1.750767 1.600175 0.119269
v -1.750767 1.600175 -0.120454
v -1.750767 1.583593 0.119269
v -1.750767 1.583593 -0.120454
v -1.681880 1.600175 0.119269
v -1.681878 1.600175 -0.120454
v -1.681880 1.483150 0.119269
v -1.681878 1.483150 -0.120454
v -1.681880 1.585509 0.326262
v -1.681880 1.579756 0.119269
v -1.681878 1.579756 -0.120454
v -1.681924 1.511817 0.066111
v -1.675703 1.511817 0.072333
v -1.680101 1.511817 0.070510
v -1.675703 1.511817 -0.072332
v -1.681924 1.511817 -0.066111
v -1.680101 1.511817 -0.070510
v -1.588807 1.511817 0.072333
v -1.582585 1.511817 0.066111
v -1.584408 1.511817 0.070510
v -1.582585 1.511817 -0.066111
v -1.588807 1.511817 -0.072332
v -1.584408 1.511817 -0.070510
v -1.683079 1.520212 0.088580
v -1.683079 1.489587 0.057085
v -1.683079 1.504899 0.084361
v -1.683079 1.493690 0.072833
v -1.683079 1.489587 -0.057084
v -1.683079 1.520212 -0.088580
v -1.683079 1.493690 -0.072833
v -1.683079 1.504899 -0.084361
v -1.584408 0.125102 -0.070510
v -1.582585 0.125102 -0.066111
v -1.681924 0.125102 -0.066111
v -1.680101 0.125102 -0.070510
v -1.675703 0.125102 -0.072332
v -1.681924 0.125102 0.066111
v -1.680101 0.125102 0.070510
v -1.675703 0.125102 0.072332
v -1.358030 1.593216 0.073459
v -1.373149 1.593216 0.088580
v -1.360055 1.593216 0.081020
v -1.365589 1.593216 0.086554
v -1.373149 1.593216 -0.088580
v -1.358030 1.593216 -0.073460
v -1.365589 1.593216 -0.086554
v -1.360055 1.593216 -0.081019
v -1.358030 1.522147 -0.073460
v -1.373149 1.520212 -0.088580
v -1.360055 1.521179 -0.081019
v -1.365589 1.520471 -0.086554
v -1.358030 1.504288 -0.055094
v -1.373149 1.489587 -0.057084
v -1.360055 1.496938 -0.056089
v -1.365589 1.491555 -0.056817
v -1.358030 1.512509 -0.070803
v -1.373149 1.504899 -0.084361
v -1.360055 1.508704 -0.077582
v -1.365589 1.505918 -0.082544
v -1.358030 1.506871 -0.065005
v -1.373149 1.493690 -0.072833
v -1.360055 1.500280 -0.068918
v -1.365589 1.495456 -0.071784
v -1.358030 1.504288 0.055094
v -1.373149 1.489587 0.057085
v -1.360055 1.496938 0.056089
v -1.365589 1.491555 0.056819
v -1.358030 1.522147 0.073459
v -1.373149 1.520212 0.088580
v -1.360055 1.521179 0.081020
v -1.365589 1.520471 0.086554
v -1.358030 1.506871 0.065005
v -1.373149 1.493690 0.072833
v -1.360055 1.500280 0.068920
v -1.365589 1.495456 0.071784
v -1.358030 1.512509 0.070805
v -1.373149 1.504899 0.084361
v -1.360055 1.508704 0.077582
v -1.365589 1.505918 0.082544
v -1.584408 0.125102 0.070510
v -1.582585 0.125102 0.066111
v -1.674242 0.125102 -0.062408
v -1.671091 0.125102 -0.063615
v -1.589060 0.125102 -0.059257
v -1.593418 0.125102 0.063615
v -1.590267 0.125102 0.062408
v -1.589060 0.125102 0.059257
v -1.590267 0.125102 -0.062408
v -1.593418 0.125102 -0.063615
v -1.359335 1.556051 -0.019405
v -1.359335 1.566567 -0.014926
v -1.359335 1.570922 -0.004111
v -1.359335 1.566567 0.006703
v -1.359335 1.556051 0.011183
v -1.359335 1.545535 0.006703
v -1.359335 1.541180 -0.004111
v -1.359335 1.545535 -0.014926
v -1.333601 1.561161 -0.009366
v -1.333601 1.556051 -0.011543
v -1.333601 1.563278 -0.004111
v -1.333601 1.561161 0.001144
v -1.333601 1.556051 0.003321
v -1.333601 1.550941 0.001144
v -1.333601 1.548825 -0.004111
v -1.333601 1.550941 -0.009366
v -1.333601 1.566567 -0.014926
v -1.333601 1.556051 -0.019405
v -1.333601 1.570922 -0.004111
v -1.333601 1.566567 0.006703
v -1.333601 1.556051 0.011183
v -1.333601 1.545535 0.006703
v -1.333601 1.541180 -0.004111
v -1.333601 1.545535 -0.014926
v -1.162394 1.545529 -0.009366
v -1.162394 1.540419 -0.011543
v -1.162394 1.547645 -0.004111
v -1.162394 1.545529 0.001144
v -1.162394 1.540419 0.003321
v -1.162394 1.535309 0.001144
v -1.162394 1.533194 -0.004111
v -1.162394 1.535309 -0.009366
v -0.964662 1.533024 -0.009366
v -0.964662 1.527914 -0.011543
v -0.964662 1.535140 -0.004111
v -0.964662 1.533024 0.001144
v -0.964662 1.527914 0.003321
v -0.964662 1.522804 0.001144
v -0.964662 1.520687 -0.004111
v -0.964662 1.522804 -0.009366
v -0.768471 1.532973 -0.009365
v -0.767734 1.527914 -0.011541
v -0.768777 1.535069 -0.004110
v -0.768471 1.532973 0.001144
v -0.767734 1.527914 0.003321
v -0.766998 1.522855 0.001144
v -0.766692 1.520759 -0.004110
v -0.766998 1.522855 -0.009365
v -0.260681 1.526714 -0.009363
v -0.259944 1.521653 -0.011540
v -0.260987 1.528808 -0.004108
v -0.260681 1.526714 0.001145
v -0.259944 1.521653 0.003322
v -0.259206 1.516594 0.001145
v -0.258902 1.514500 -0.004108
v -0.259206 1.516594 -0.009363
v -0.036762 1.524578 -0.009363
v -0.036762 1.519519 -0.011540
v -0.036762 1.526674 -0.004108
v -0.036762 1.524578 0.001145
v -0.036762 1.519519 0.003322
v -0.036762 1.514460 0.001145
v -0.036762 1.512364 -0.004108
v -0.036762 1.514460 -0.009363
v -0.036762 1.527860 -0.012772
v -0.036762 1.519519 -0.016359
v -0.036762 1.531313 -0.004108
v -0.036762 1.527860 0.004554
v -0.036762 1.519519 0.008142
v -0.036762 1.511179 0.004554
v -0.036762 1.507724 -0.004108
v -0.036762 1.511179 -0.012772
v -1.675450 0.125102 -0.059257
v -1.671091 0.125102 0.063615
v -1.674242 0.125102 0.062408
v -1.675450 0.125102 0.059257
v 1.683079 1.593215 0.088580
v 1.683079 1.593215 -0.088580
v 1.588807 0.125102 0.072332
v 1.588807 0.125102 -0.072332
v 1.679387 1.503933 0.102379
v 1.679387 1.583593 0.102379
v 1.679387 1.600174 0.155848
v 1.679387 1.583593 0.155848
v 1.679387 1.600174 0.086960
v 1.679387 1.503933 0.086960
v 1.679387 1.583593 0.086960
v 1.679387 1.503933 -0.102897
v 1.679387 1.583593 -0.102897
v 1.679387 1.600174 -0.156367
v 1.679387 1.583593 -0.156367
v 1.679387 1.600174 -0.087479
v 1.679387 1.503933 -0.087479
v 1.679387 1.583593 -0.087479
v 1.697298 1.600174 -0.327447
v 1.697298 1.600174 0.326262
v 1.697298 1.528143 -0.327447
v 1.697298 1.528143 0.326262
v 1.697298 1.583593 -0.327447
v 1.697298 1.583593 0.326262
v 1.750768 1.600174 0.326262
v 1.750768 1.600174 -0.327447
v 1.750768 1.583593 -0.327447
v 1.750768 1.583593 0.326262
v 1.681880 1.600174 -0.327447
v 1.681880 1.600174 0.326262
v 1.681880 1.528143 -0.327447
v 1.681880 1.528143 0.326262
v 1.681880 1.583593 -0.327447
v 1.697298 1.483150 0.119269
v 1.697298 1.483150 -0.120454
v 1.697298 1.583593 0.119269
v 1.697298 1.583593 -0.120454
v 1.750768 1.600174 0.119269
v 1.750768 1.600174 -0.120454
v 1.750768 1.583593 0.119269
v 1.750768 1.583593 -0.120454
v 1.681880 1.600174 0.119269
v 1.681880 1.600174 -0.120454
v 1.681880 1.483150 0.119269
v 1.681880 1.483150 -0.120454
v 1.681880 1.585508 0.326262
v 1.681880 1.579756 0.119269
v 1.681880 1.579756 -0.120454
v 1.681924 1.511815 0.066111
v 1.675703 1.511815 0.072333
v 1.680103 1.511815 0.070510
v 1.675703 1.511815 -0.072332
v 1.681924 1.511815 -0.066111
v 1.680103 1.511815 -0.070510
v 1.588807 1.511815 0.072333
v 1.582585 1.511815 0.066111
v 1.584408 1.511815 0.070510
v 1.582585 1.511815 -0.066111
v 1.588807 1.511815 -0.072332
v 1.584408 1.511815 -0.070510
v 1.683079 1.520212 0.088580
v 1.683079 1.489585 0.057085
v 1.683079 1.504899 0.084361
v 1.683079 1.493690 0.072833
v 1.683079 1.489585 -0.057084
v 1.683079 1.520212 -0.088580
v 1.683079 1.493690 -0.072833
v 1.683079 1.504899 -0.084361
v 1.584408 0.125102 -0.070510
v 1.582585 0.125102 -0.066111
v 1.681924 0.125102 -0.066111
v 1.680101 0.125102 -0.070510
v 1.675703 0.125102 -0.072332
v 1.681924 0.125102 0.066111
v 1.680101 0.125102 0.070510
v 1.675703 0.125102 0.072332
v 1.358030 1.593215 0.073459
v 1.373149 1.593215 0.088580
v 1.360055 1.593215 0.081020
v 1.365589 1.593215 0.086554
v 1.373149 1.593215 -0.088580
v 1.358030 1.593215 -0.073460
v 1.365589 1.593215 -0.086554
v 1.360055 1.593215 -0.081019
v 1.358030 1.522147 -0.073460
v 1.373149 1.520212 -0.088580
v 1.360055 1.521179 -0.081019
v 1.365589 1.520471 -0.086554
v 1.358030 1.504288 -0.055094
v 1.373149 1.489585 -0.057084
v 1.360055 1.496938 -0.056089
v 1.365589 1.491555 -0.056817
v 1.358030 1.512509 -0.070803
v 1.373149 1.504899 -0.084361
v 1.360055 1.508704 -0.077582
v 1.365589 1.505918 -0.082544
v 1.358030 1.506871 -0.065005
v 1.373149 1.493690 -0.072833
v 1.360055 1.500280 -0.068918
v 1.365589 1.495454 -0.071784
v 1.358030 1.504288 0.055094
v 1.373149 1.489585 0.057085
v 1.360055 1.496938 0.056089
v 1.365589 1.491555 0.056819
v 1.358030 1.522147 0.073459
v 1.373149 1.520212 0.088580
v 1.360055 1.521179 0.081020
v 1.365589 1.520471 0.086554
v 1.358030 1.506871 0.065005
v 1.373149 1.493690 0.072833
v 1.360055 1.500280 0.068920
v 1.365589 1.495454 0.071784
v 1.358030 1.512509 0.070805
v 1.373149 1.504899 0.084361
v 1.360055 1.508704 0.077582
v 1.365589 1.505918 0.082544
v 1.584408 0.125102 0.070510
v 1.582585 0.125102 0.066111
v 1.674242 0.125102 -0.062408
v 1.671091 0.125102 -0.063615
v 1.589060 0.125102 -0.059257
v 1.593418 0.125102 0.063615
v 1.590267 0.125102 0.062408
v 1.589060 0.125102 0.059257
v 1.590267 0.125102 -0.062408
v 1.593418 0.125102 -0.063615
v 1.359335 1.556051 -0.019405
v 1.359335 1.566567 -0.014926
v 1.359335 1.570922 -0.004111
v 1.359335 1.566567 0.006703
v 1.359335 1.556051 0.011183
v 1.359335 1.545535 0.006703
v 1.359335 1.541180 -0.004111
v 1.359335 1.545535 -0.014926
v 1.333601 1.561161 -0.009366
v 1.333601 1.556051 -0.011543
v 1.333601 1.563278 -0.004111
v 1.333601 1.561161 0.001144
v 1.333601 1.556051 0.003321
v 1.333601 1.550941 0.001144
v 1.333601 1.548825 -0.004111
v 1.333601 1.550941 -0.009366
v 1.333601 1.566567 -0.014926
v 1.333601 1.556051 -0.019405
v 1.333601 1.570922 -0.004111
v 1.333601 1.566567 0.006703
v 1.333601 1.556051 0.011183
v 1.333601 1.545535 0.006703
v 1.333601 1.541180 -0.004111
v 1.333601 1.545535 -0.014926
v 1.162395 1.545529 -0.009366
v 1.162395 1.540419 -0.011543
v 1.162395 1.547645 -0.004111
v 1.162395 1.545529 0.001144
v 1.162395 1.540419 0.003321
v 1.162395 1.535309 0.001144
v 1.162395 1.533192 -0.004111
v 1.162395 1.535309 -0.009366
v 0.964662 1.533024 -0.009366
v 0.964662 1.527914 -0.011543
v 0.964662 1.535140 -0.004111
v 0.964662 1.533024 0.001144
v 0.964662 1.527914 0.003321
v 0.964662 1.522804 0.001144
v 0.964662 1.520687 -0.004111
v 0.964662 1.522804 -0.009366
v 0.768471 1.532973 -0.009365
v 0.767734 1.527914 -0.011541
v 0.768777 1.535069 -0.004110
v 0.768471 1.532973 0.001144
v 0.767734 1.527914 0.003321
v 0.766998 1.522855 0.001144
v 0.766692 1.520759 -0.004110
v 0.766998 1.522855 -0.009365
v 0.260681 1.526714 -0.009363
v 0.259944 1.521653 -0.011540
v 0.260987 1.528808 -0.004108
v 0.260681 1.526714 0.001145
v 0.259944 1.521653 0.003322
v 0.259206 1.516594 0.001145
v 0.258902 1.514500 -0.004108
v 0.259206 1.516594 -0.009363
v 0.036762 1.524578 -0.009363
v 0.036762 1.519519 -0.011540
v 0.036762 1.526674 -0.004108
v 0.036762 1.524578 0.001145
v 0.036762 1.519519 0.003322
v 0.036762 1.514460 0.001145
v 0.036762 1.512364 -0.004108
v 0.036762 1.514460 -0.009363
v 0.036762 1.527860 -0.012772
v 0.036762 1.519519 -0.016359
v 0.036762 1.531313 -0.004108
v 0.036762 1.527860 0.004554
v 0.036762 1.519519 0.008142
v 0.036762 1.511179 0.004554
v 0.036762 1.507724 -0.004108
v 0.036762 1.511179 -0.012772
v 1.675450 0.125102 -0.059257
v 1.671091 0.125102 0.063615
v 1.674242 0.125102 0.062408
v 1.675450 0.125102 0.059257
v 1.450710 1.599658 0.678864
v 1.232056 1.599658 0.678864
v 1.377825 1.599658 0.678864
v 1.304940 1.599658 0.678864
v 1.232099 1.501042 0.678864
v 1.450667 1.501042 0.678864
v 1.301382 1.495844 0.678864
v 1.381382 1.495844 0.678864
v 1.450643 1.501039 0.868123
v 1.450647 1.507255 0.872557
v 1.450643 1.501871 0.871241
v 1.450644 1.504147 0.872863
v 1.232118 1.507255 0.872557
v 1.232123 1.501039 0.868123
v 1.232120 1.504147 0.872863
v 1.232123 1.501871 0.871241
v 1.381162 1.502083 0.872671
v 1.381374 1.495843 0.868130
v 1.381268 1.498963 0.872922
v 1.381345 1.496678 0.871259
v 1.301604 1.502083 0.872671
v 1.301390 1.495843 0.868130
v 1.301498 1.498963 0.872922
v 1.301419 1.496678 0.871259
v 1.232033 1.599658 0.829098
v 1.232038 1.593471 0.838439
v 1.232033 1.598829 0.832871
v 1.232035 1.596565 0.836292
v 1.450728 1.593471 0.838439
v 1.450733 1.599658 0.829098
v 1.450729 1.596565 0.836292
v 1.450733 1.598829 0.832871
v 1.304720 1.593431 0.838331
v 1.304933 1.599658 0.829102
v 1.304827 1.596546 0.836238
v 1.304904 1.598824 0.832860
v 1.378046 1.593431 0.838331
v 1.377833 1.599658 0.829102
v 1.377939 1.596546 0.836238
v 1.377861 1.598824 0.832860
v 1.475006 1.599658 0.678864
v 1.485440 1.589039 0.678864
v 1.480222 1.598235 0.678864
v 1.484042 1.594348 0.678864
v 1.485440 1.514922 0.678864
v 1.474889 1.504188 0.678864
v 1.484026 1.510057 0.678864
v 1.480165 1.506128 0.678864
v 1.197325 1.589039 0.678864
v 1.207759 1.599658 0.678864
v 1.198722 1.594348 0.678864
v 1.202542 1.598235 0.678864
v 1.207877 1.504188 0.678864
v 1.197325 1.514922 0.678864
v 1.202601 1.506128 0.678864
v 1.198739 1.510057 0.678864
v 1.478623 1.582462 0.843074
v 1.467845 1.593495 0.838501
v 1.477180 1.587984 0.840802
v 1.473234 1.592023 0.839128
v 1.485440 1.588987 0.833511
v 1.474972 1.599658 0.829089
v 1.484037 1.594322 0.831299
v 1.480206 1.598228 0.829680
v 1.482032 1.585602 0.840873
v 1.471327 1.596577 0.836325
v 1.480597 1.591092 0.838604
v 1.476679 1.595109 0.836940
v 1.484526 1.588019 0.837361
v 1.473961 1.598832 0.832878
v 1.483111 1.593426 0.835120
v 1.479244 1.597384 0.833479
v 1.467619 1.509435 0.872496
v 1.478630 1.520390 0.868542
v 1.473124 1.511421 0.871951
v 1.477155 1.515430 0.870505
v 1.474846 1.504183 0.868115
v 1.485440 1.514925 0.864227
v 1.480144 1.506126 0.867593
v 1.484021 1.510057 0.866169
v 1.471113 1.506793 0.872830
v 1.482036 1.517678 0.868902
v 1.476574 1.508768 0.872297
v 1.480572 1.512753 0.870860
v 1.473808 1.504877 0.871228
v 1.484528 1.515664 0.867330
v 1.479168 1.506831 0.870703
v 1.483091 1.510780 0.869275
v 1.214920 1.593495 0.838501
v 1.204141 1.582462 0.843074
v 1.209530 1.592023 0.839128
v 1.205586 1.587984 0.840802
v 1.207794 1.599658 0.829089
v 1.197325 1.588987 0.833511
v 1.202558 1.598228 0.829680
v 1.198727 1.594322 0.831299
v 1.211437 1.596577 0.836325
v 1.200734 1.585602 0.840873
v 1.206085 1.595109 0.836940
v 1.202167 1.591092 0.838604
v 1.208805 1.598832 0.832878
v 1.198238 1.588019 0.837361
v 1.203522 1.597384 0.833479
v 1.199654 1.593426 0.835120
v 1.204134 1.520390 0.868542
v 1.215147 1.509435 0.872496
v 1.205609 1.515430 0.870505
v 1.209640 1.511421 0.871951
v 1.197325 1.514925 0.864227
v 1.207920 1.504183 0.868115
v 1.198744 1.510057 0.866169
v 1.202622 1.506126 0.867593
v 1.200730 1.517678 0.868902
v 1.211651 1.506793 0.872830
v 1.202193 1.512753 0.870860
v 1.206190 1.508768 0.872297
v 1.198238 1.515664 0.867330
v 1.208957 1.504877 0.871228
v 1.199673 1.510780 0.869275
v 1.203598 1.506831 0.870703
v 1.450700 1.564732 0.849812
v 1.450674 1.535993 0.861184
v 1.232090 1.535993 0.861184
v 1.232064 1.564732 0.849812
v 1.379083 1.562982 0.849779
v 1.380122 1.532532 0.861225
v 1.302642 1.532532 0.861225
v 1.303681 1.562982 0.849779
v 1.379083 1.562644 0.848828
v 1.380122 1.532195 0.860274
v 1.302642 1.532195 0.860274
v 1.303681 1.562644 0.848828
v 1.280645 1.599658 0.678864
v 1.256351 1.599658 0.678864
v 1.255192 1.499309 0.678864
v 1.278288 1.497577 0.678864
v 1.256264 1.593458 0.838403
v 1.280492 1.593446 0.838367
v 1.280563 1.596552 0.836256
v 1.256299 1.596558 0.836274
v 1.280613 1.598824 0.832865
v 1.256323 1.598828 0.832868
v 1.280633 1.599658 0.829101
v 1.256333 1.599658 0.829099
v 1.278442 1.503806 0.872634
v 1.255279 1.505530 0.872596
v 1.255247 1.502419 0.872882
v 1.278371 1.500690 0.872902
v 1.255222 1.500141 0.871248
v 1.278321 1.498410 0.871252
v 1.255212 1.499307 0.868125
v 1.278301 1.497574 0.868127
v 1.255937 1.564148 0.849800
v 1.279808 1.563566 0.849789
v 1.255608 1.534840 0.861197
v 1.279126 1.533686 0.861212
v 1.426415 1.599658 0.678864
v 1.402120 1.599658 0.678864
v 1.404478 1.497577 0.678864
v 1.427572 1.499309 0.678864
v 1.402272 1.593446 0.838367
v 1.426500 1.593458 0.838403
v 1.426467 1.596558 0.836274
v 1.402203 1.596552 0.836256
v 1.426441 1.598828 0.832868
v 1.402151 1.598824 0.832865
v 1.426433 1.599658 0.829099
v 1.402133 1.599658 0.829101
v 1.427485 1.505530 0.872596
v 1.404323 1.503806 0.872634
v 1.404393 1.500690 0.872902
v 1.427519 1.502419 0.872882
v 1.404445 1.498410 0.871252
v 1.427544 1.500141 0.871248
v 1.404463 1.497574 0.868127
v 1.427552 1.499307 0.868125
v 1.402956 1.563566 0.849789
v 1.426829 1.564148 0.849800
v 1.403640 1.533686 0.861212
v 1.427156 1.534840 0.861197
v 1.282429 1.561056 0.850704
v 1.281856 1.536000 0.860297
v 1.300053 1.535101 0.860287
v 1.300923 1.560611 0.850715
v 1.429531 1.561787 0.850766
v 1.429804 1.537400 0.860232
v 1.447999 1.538299 0.860242
v 1.448022 1.562231 0.850754
v 1.234742 1.562231 0.850754
v 1.234765 1.538299 0.860242
v 1.252960 1.537400 0.860232
v 1.253233 1.561787 0.850766
v 1.258585 1.561643 0.850728
v 1.258310 1.537150 0.860269
v 1.276507 1.536251 0.860260
v 1.277078 1.561198 0.850740
v 1.381842 1.560611 0.850715
v 1.382713 1.535101 0.860287
v 1.400910 1.536000 0.860297
v 1.400337 1.561056 0.850704
v 1.405687 1.561198 0.850740
v 1.406257 1.536251 0.860260
v 1.424454 1.537150 0.860269
v 1.424181 1.561643 0.850728
v 1.204139 1.564732 0.850348
v 1.204136 1.535993 0.862140
v 1.341835 1.535432 0.682560
v 1.331938 1.539416 0.682560
v 1.327840 1.549039 0.682560
v 1.331938 1.558663 0.682560
v 1.341835 1.562647 0.682560
v 1.351731 1.558663 0.682560
v 1.355829 1.549039 0.682560
v 1.351731 1.539416 0.682560
v 1.341835 1.535432 0.636249
v 1.331938 1.539416 0.636249
v 1.327840 1.549039 0.636249
v 1.331938 1.558663 0.636249
v 1.341835 1.562647 0.636249
v 1.351731 1.558663 0.636249
v 1.355829 1.549039 0.636249
v 1.351731 1.539416 0.636249
v 1.335879 1.543248 0.636249
v 1.333413 1.549039 0.636249
v 1.335879 1.554831 0.636249
v 1.341835 1.557229 0.636249
v 1.347790 1.554831 0.636249
v 1.350257 1.549039 0.636249
v 1.347790 1.543248 0.636249
v 1.341835 1.540850 0.636249
v 1.340466 1.552642 -0.003226
v 1.342934 1.546853 -0.003226
v 1.348888 1.544453 -0.003226
v 1.342934 1.558433 -0.003226
v 1.348888 1.560832 -0.003226
v 1.354844 1.558433 -0.003226
v 1.357310 1.552642 -0.003226
v 1.354844 1.546853 -0.003226
v 1.333413 1.544261 0.598029
v 1.336418 1.534965 0.239017
v 1.333560 1.537978 0.533832
v 1.333987 1.533592 0.458327
v 1.334652 1.531536 0.378902
v 1.335490 1.532009 0.303333
v 1.338884 1.529174 0.239027
v 1.335879 1.538468 0.598009
v 1.337956 1.526217 0.303340
v 1.337118 1.525745 0.378902
v 1.336454 1.527801 0.458321
v 1.336026 1.532185 0.533819
v 1.344839 1.526774 0.239030
v 1.341835 1.536067 0.597988
v 1.343910 1.523819 0.303341
v 1.343073 1.523345 0.378901
v 1.342407 1.525401 0.458312
v 1.341982 1.529785 0.533806
v 1.335879 1.550050 0.598009
v 1.338884 1.540755 0.239021
v 1.336026 1.543766 0.533819
v 1.336454 1.539381 0.458319
v 1.337118 1.537325 0.378901
v 1.337956 1.537799 0.303335
v 1.341835 1.552445 0.597988
v 1.344839 1.543153 0.239030
v 1.341982 1.546164 0.533806
v 1.342407 1.541780 0.458312
v 1.343073 1.539724 0.378901
v 1.343910 1.540198 0.303341
v 1.347790 1.550050 0.598009
v 1.350795 1.540755 0.239027
v 1.347936 1.543766 0.533819
v 1.348363 1.539381 0.458321
v 1.349027 1.537325 0.378902
v 1.349865 1.537799 0.303340
v 1.350257 1.544261 0.598029
v 1.353261 1.534965 0.239017
v 1.350404 1.537978 0.533832
v 1.350829 1.533592 0.458327
v 1.351495 1.531536 0.378902
v 1.352332 1.532009 0.303333
v 1.347790 1.538468 0.598009
v 1.350795 1.529174 0.239021
v 1.347936 1.532185 0.533819
v 1.348363 1.527801 0.458319
v 1.349027 1.525745 0.378901
v 1.349865 1.526217 0.303335
v 1.282717 1.537268 0.862345
v 1.281856 1.536350 0.861814
v 1.282196 1.536781 0.862278
v 1.283255 1.560806 0.853342
v 1.282429 1.561406 0.852221
v 1.282757 1.561237 0.852918
v 1.300053 1.560400 0.853345
v 1.300923 1.560961 0.852232
v 1.300578 1.560806 0.852926
v 1.300053 1.535451 0.861806
v 1.299236 1.536453 0.862341
v 1.299729 1.535919 0.862271
v 1.430639 1.538751 0.862276
v 1.429804 1.537750 0.861749
v 1.430138 1.538218 0.862209
v 1.430383 1.561578 0.853406
v 1.429531 1.562137 0.852283
v 1.429868 1.561985 0.852980
v 1.447178 1.561984 0.853401
v 1.448022 1.562581 0.852271
v 1.447684 1.562412 0.852972
v 1.447999 1.538649 0.861759
v 1.447157 1.539566 0.862279
v 1.447669 1.539079 0.862219
v 1.235609 1.539566 0.862279
v 1.234765 1.538649 0.861759
v 1.235097 1.539079 0.862219
v 1.235588 1.561984 0.853401
v 1.234742 1.562581 0.852271
v 1.235080 1.562412 0.852972
v 1.253233 1.562137 0.852283
v 1.252381 1.561578 0.853406
v 1.252898 1.561985 0.852980
v 1.252960 1.537750 0.861749
v 1.252126 1.538751 0.862276
v 1.252628 1.538218 0.862209
v 1.258310 1.537500 0.861787
v 1.259163 1.538417 0.862312
v 1.258647 1.537930 0.862250
v 1.259420 1.561395 0.853371
v 1.258585 1.561993 0.852247
v 1.258917 1.561825 0.852944
v 1.277078 1.561548 0.852257
v 1.276216 1.560989 0.853376
v 1.276736 1.561397 0.852952
v 1.276507 1.536600 0.861778
v 1.275681 1.537602 0.862309
v 1.276178 1.537069 0.862240
v 1.382713 1.560400 0.853345
v 1.381842 1.560961 0.852232
v 1.382188 1.560806 0.852926
v 1.382713 1.535451 0.861806
v 1.383530 1.536453 0.862341
v 1.383037 1.535919 0.862271
v 1.400337 1.561406 0.852221
v 1.399509 1.560806 0.853342
v 1.400008 1.561237 0.852918
v 1.400910 1.536350 0.861814
v 1.400048 1.537268 0.862345
v 1.400570 1.536781 0.862278
v 1.406257 1.536600 0.861778
v 1.407083 1.537602 0.862309
v 1.406586 1.537068 0.862240
v 1.406548 1.560989 0.853376
v 1.405687 1.561548 0.852257
v 1.406028 1.561397 0.852952
v 1.423344 1.561395 0.853371
v 1.424181 1.561993 0.852247
v 1.423847 1.561825 0.852944
v 1.423601 1.538417 0.862312
v 1.424454 1.537500 0.861787
v 1.424119 1.537930 0.862250
v 1.197325 1.533861 0.856374
v 1.197325 1.562558 0.844472
v 1.197325 1.564815 0.678864
v 1.197325 1.533874 0.678864
v 1.402905 1.565631 0.678864
v 1.403692 1.531604 0.678864
v 1.380198 1.530449 0.678864
v 1.379011 1.565054 0.678864
v 1.302568 1.530449 0.678864
v 1.303755 1.565054 0.678864
v 1.255965 1.566209 0.678864
v 1.255579 1.532758 0.678864
v 1.232084 1.533913 0.678864
v 1.232069 1.566785 0.678864
v 1.480202 1.567533 0.678864
v 1.480183 1.536830 0.678864
v 1.200730 1.535045 0.861736
v 1.200732 1.563763 0.849885
v 1.198238 1.562865 0.847777
v 1.198238 1.534165 0.859667
v 1.478628 1.541080 0.860053
v 1.478626 1.561771 0.851563
v 1.482032 1.562961 0.850216
v 1.482034 1.540319 0.859559
v 1.484528 1.539783 0.857340
v 1.484526 1.563900 0.847350
v 1.485440 1.539612 0.853988
v 1.485440 1.564299 0.843750
v 1.485440 1.539628 0.678864
v 1.485440 1.564333 0.678864
v 1.450680 1.533913 0.678864
v 1.450695 1.566785 0.678864
v 1.484037 1.566252 0.678864
v 1.484032 1.538154 0.678864
v 1.279073 1.531604 0.678864
v 1.279859 1.565631 0.678864
v 1.427185 1.532758 0.678864
v 1.426801 1.566209 0.678864
v 1.477172 1.563800 0.850704
v 1.477163 1.539615 0.860603
v 1.473198 1.565156 0.850070
v 1.473162 1.538288 0.861011
v 1.467769 1.565475 0.849833
v 1.467694 1.537454 0.861165
v 1.474967 1.567834 0.678864
v 1.474928 1.536011 0.678864
v 1.198729 1.566252 0.678864
v 1.198734 1.538154 0.678864
v 1.202562 1.567533 0.678864
v 1.202581 1.536830 0.678864
v 1.207799 1.567834 0.678864
v 1.207838 1.536011 0.678864
v 1.205603 1.535993 0.862089
v 1.205593 1.564732 0.850321
v 1.209607 1.535993 0.861953
v 1.209568 1.564732 0.850244
v 1.215075 1.535993 0.861765
v 1.214998 1.564732 0.850141
vn -0.1951 -0.0000 -0.9808
vn 0.1950 -0.0000 -0.9808
vn 0.9808 -0.0000 -0.1952
vn 0.9808 -0.0000 0.1952
vn 0.1952 -0.0000 0.9808
vn -0.1951 -0.0000 0.9808
vn 0.1950 -0.0000 0.9808
vn 1.0000 -0.0000 -0.0000
vn 0.1302 -0.1330 -0.9825
vn -0.0000 -0.0000 -1.0000
vn 0.1306 -0.0000 -0.9914
vn -0.0000 -0.1342 -0.9910
vn 0.1311 -0.5061 -0.8524
vn -0.0000 -0.5105 -0.8599
vn -0.0000 -0.1342 0.9910
vn 0.1306 -0.0000 0.9914
vn -0.0000 -0.0000 1.0000
vn -0.0000 -1.0000 -0.0000
vn -0.0000 0.7194 -0.6946
vn -1.0000 -0.0000 -0.0000
vn -0.0000 -0.9943 0.1067
vn -0.0000 -0.9772 0.2124
vn -0.0000 -0.9772 -0.2124
vn -0.0000 -0.9943 -0.1067
vn -0.9808 -0.0000 0.1952
vn -0.9808 -0.0000 -0.1952
vn -0.1952 -0.0000 0.9808
vn -0.7070 -0.0000 0.7072
vn -0.7072 -0.0000 0.7071
vn 0.1293 -0.8647 -0.4854
vn -0.0000 -0.8720 -0.4895
vn 0.1293 -0.8647 0.4854
vn -0.0000 -0.9919 0.1270
vn 0.1267 -0.9839 0.1260
vn -0.0000 -0.9919 -0.1270
vn 0.1267 -0.9839 -0.1260
vn 0.1302 -0.1330 0.9825
vn -0.0000 -0.5105 0.8599
vn 0.1311 -0.5061 0.8524
vn 0.7070 -0.0000 0.7072
vn 0.7071 -0.0000 0.7071
vn -0.0000 -0.8720 0.4895
vn 0.8521 -0.5192 -0.0665
vn 0.9887 -0.1307 -0.0734
vn 0.9896 -0.1426 -0.0183
vn 0.4833 -0.8684 -0.1112
vn 0.8494 -0.4601 -0.2583
vn 0.4852 -0.7625 -0.4280
vn 0.9890 -0.0755 -0.1271
vn 0.8528 -0.2667 -0.4491
vn 0.4904 -0.4449 -0.7493
vn 0.8583 -0.0688 -0.5085
vn 0.9901 -0.0188 -0.1388
vn 0.4935 -0.1167 -0.8619
vn 0.9887 -0.1307 0.0733
vn 0.8521 -0.5192 0.0664
vn 0.9896 -0.1426 0.0183
vn 0.8494 -0.4601 0.2583
vn 0.4833 -0.8684 0.1112
vn 0.4852 -0.7625 0.4280
vn 0.9890 -0.0755 0.1271
vn 0.4904 -0.4449 0.7494
vn 0.8527 -0.2666 0.4491
vn 0.8583 -0.0689 0.5086
vn 0.9901 -0.0188 0.1387
vn 0.4934 -0.1167 0.8619
vn 0.8660 -0.0000 0.5000
vn 0.9915 -0.0000 0.1304
vn 0.5000 -0.0000 0.8660
vn 0.8661 -0.0000 -0.4999
vn 0.9915 -0.0000 -0.1305
vn 0.5000 -0.0000 -0.8660
vn 0.7070 -0.0000 -0.7072
vn -0.7070 -0.0000 -0.7072
vn -0.0554 -0.7173 -0.6945
vn -0.0909 -0.9959 -0.0000
vn -0.0643 -0.7039 -0.7074
vn -0.0000 0.7169 0.6971
vn -0.0000 1.0000 -0.0000
vn -0.0000 0.7169 -0.6971
vn -0.0000 -0.7169 -0.6971
vn -0.0000 -0.7169 0.6971
vn 0.0320 0.9995 -0.0000
vn 0.0552 0.7138 -0.6982
vn 0.0773 0.9970 -0.0000
vn -0.0643 -0.7039 0.7074
vn -0.0006 -0.0036 1.0000
vn 0.0021 0.0234 0.9997
vn 0.0663 0.7262 0.6843
vn 0.0909 0.9959 -0.0000
vn 0.0021 0.0234 -0.9997
vn 0.0663 0.7262 -0.6843
vn -0.0006 -0.0036 -1.0000
vn -0.0554 -0.7171 0.6948
vn 0.0552 0.7138 0.6982
vn 0.0003 0.0017 -1.0000
vn -0.0227 -0.7209 -0.6927
vn -0.0005 -0.0081 -1.0000
vn -0.0768 -0.9970 -0.0000
vn -0.0005 -0.0081 1.0000
vn 0.0226 0.7128 -0.7010
vn -0.0227 -0.7210 0.6925
vn 0.0226 0.7134 0.7004
vn 0.0045 0.7197 0.6942
vn 0.0110 0.9999 0.0001
vn 0.0061 1.0000 0.0001
vn -0.0312 -0.9995 -0.0000
vn -0.0043 -0.7184 0.6956
vn -0.0043 -0.7184 -0.6957
vn 0.0003 0.0017 1.0000
vn 0.0045 0.7198 -0.6941
vn -0.0069 -0.7205 -0.6934
vn -0.0109 -0.9999 0.0001
vn -0.0079 -0.7200 -0.6939
vn 0.0079 0.7196 -0.6943
vn -0.0001 -0.0004 -1.0000
vn -0.0062 -1.0000 -0.0000
vn -0.0079 -0.7200 0.6940
vn 0.0079 0.7196 0.6944
vn -0.0001 -0.0004 1.0000
vn -0.0000 -0.0025 1.0000
vn 0.0095 1.0000 0.0001
vn 0.0069 0.7182 -0.6958
vn -0.0000 -0.0025 -1.0000
vn -0.0069 -0.7205 0.6934
vn 0.0069 0.7182 0.6958
vn -0.0000 -0.7194 -0.6946
vn -0.0000 -0.7193 0.6947
vn -0.0000 0.7194 0.6946
vn -0.1950 -0.0000 -0.9808
vn 0.1951 -0.0000 -0.9808
vn 0.1951 -0.0000 0.9808
vn -0.1950 -0.0000 0.9808
vn -0.1302 -0.1330 -0.9825
vn -0.1306 -0.0000 -0.9914
vn -0.1311 -0.5061 -0.8524
vn -0.1306 -0.0000 0.9914
vn 0.9808 -0.0000 0.1950
vn 0.7072 -0.0000 0.7070
vn -0.1293 -0.8647 -0.4855
vn -0.0000 -0.8720 -0.4896
vn -0.1293 -0.8646 0.4855
vn -0.1267 -0.9839 0.1260
vn -0.1267 -0.9839 -0.1260
vn -0.1302 -0.1330 0.9825
vn -0.1311 -0.5061 0.8524
vn -0.7072 -0.0000 0.7070
vn -0.7071 -0.0000 0.7071
vn -0.0000 -0.8720 0.4896
vn -0.9887 -0.1307 -0.0734
vn -0.8521 -0.5192 -0.0665
vn -0.9896 -0.1426 -0.0183
vn -0.8495 -0.4601 -0.2583
vn -0.4834 -0.8683 -0.1111
vn -0.4852 -0.7625 -0.4281
vn -0.9890 -0.0755 -0.1271
vn -0.8528 -0.2666 -0.4491
vn -0.4904 -0.4449 -0.7494
vn -0.8583 -0.0688 -0.5085
vn -0.4935 -0.1167 -0.8619
vn -0.9887 -0.1307 0.0733
vn -0.8521 -0.5192 0.0664
vn -0.8495 -0.4601 0.2583
vn -0.4834 -0.8683 0.1111
vn -0.4852 -0.7625 0.4281
vn -0.9890 -0.0755 0.1271
vn -0.8527 -0.2666 0.4491
vn -0.4904 -0.4449 0.7494
vn -0.8583 -0.0689 0.5086
vn -0.9902 -0.0188 0.1387
vn -0.4934 -0.1167 0.8619
vn -0.9896 -0.1426 0.0183
vn -0.8660 -0.0000 0.5000
vn -0.9915 -0.0000 0.1304
vn -0.5000 -0.0000 0.8660
vn -0.9901 -0.0188 -0.1388
vn -0.8661 -0.0000 -0.4999
vn -0.5000 -0.0000 -0.8660
vn 0.9808 -0.0000 -0.1950
vn 0.7071 -0.0000 -0.7071
vn 0.0909 -0.9959 -0.0000
vn 0.0554 -0.7172 -0.6946
vn 0.0643 -0.7039 -0.7074
vn -0.0552 0.7138 -0.6982
vn -0.0320 0.9995 -0.0000
vn -0.0773 0.9970 -0.0000
vn 0.0643 -0.7039 0.7074
vn 0.0006 -0.0036 1.0000
vn 0.0554 -0.7172 0.6946
vn -0.0663 0.7262 0.6843
vn -0.0552 0.7138 0.6982
vn -0.0021 0.0234 -0.9997
vn -0.0663 0.7262 -0.6843
vn 0.0006 -0.0036 -1.0000
vn 0.0768 -0.9970 -0.0000
vn -0.0021 0.0234 0.9997
vn -0.0909 0.9959 -0.0000
vn 0.0227 -0.7211 -0.6924
vn -0.0003 0.0017 -1.0000
vn 0.0005 -0.0081 -1.0000
vn 0.0005 -0.0081 1.0000
vn 0.0227 -0.7211 0.6924
vn -0.0226 0.7131 0.7007
vn -0.0226 0.7128 -0.7010
vn 0.0312 -0.9995 -0.0000
vn -0.0045 0.7197 0.6943
vn -0.0110 0.9999 0.0001
vn -0.0079 0.7196 0.6944
vn 0.0043 -0.7184 0.6956
vn 0.0062 -1.0000 0.0001
vn -0.0003 0.0017 1.0000
vn -0.0061 1.0000 0.0001
vn 0.0043 -0.7181 -0.6959
vn -0.0045 0.7198 -0.6941
vn 0.0109 -0.9999 0.0001
vn 0.0069 -0.7205 -0.6934
vn 0.0079 -0.7200 -0.6939
vn -0.0079 0.7196 -0.6943
vn 0.0001 -0.0004 -1.0000
vn 0.0079 -0.7200 0.6940
vn 0.0001 -0.0004 1.0000
vn 0.0069 -0.7205 0.6934
vn -0.0095 1.0000 0.0001
vn -0.0069 0.7182 0.6958
vn -0.0069 0.7182 -0.6958
vn 0.0096 -1.0000 0.0001
vn -0.1000 0.9060 0.4113
vn -0.0002 0.9769 0.2137
vn -0.1782 0.9714 0.1567
vn 0.1000 0.9060 0.4113
vn -0.0001 0.9767 0.2146
vn -0.0005 0.9211 0.3892
vn -0.1019 -0.9948 -0.0000
vn -0.2511 -0.9563 0.1498
vn -0.2383 -0.9712 -0.0000
vn -0.0002 0.4802 0.8772
vn -0.0014 0.7161 0.6980
vn -0.0082 0.4733 0.8808
vn 0.0742 -0.9887 0.1299
vn 0.0374 -0.9993 -0.0000
vn 0.0748 -0.9972 -0.0000
vn -0.9711 0.1906 0.1440
vn -0.9902 0.0535 0.1291
vn 0.1019 -0.9948 -0.0000
vn 0.2511 -0.9563 0.1498
vn 0.1008 -0.9865 0.1290
vn -0.0185 0.3622 0.9319
vn -0.0157 0.2341 0.9721
vn -0.0214 0.3692 0.9291
vn 0.0067 0.2157 0.9764
vn -0.0118 0.3530 0.9356
vn 0.0113 0.3535 0.9354
vn 0.0371 -0.9909 0.1296
vn -0.0374 -0.9993 -0.0000
vn -0.0748 -0.9972 -0.0000
vn -0.1008 -0.9865 0.1290
vn 0.0134 0.2234 0.9746
vn 0.0180 0.3567 0.9341
vn -0.0030 0.4802 0.8772
vn 0.0014 0.7161 0.6980
vn -0.0451 0.7069 0.7058
vn 0.0005 0.9211 0.3892
vn -0.4530 0.3749 0.8089
vn -0.8502 0.2011 0.4865
vn -0.4638 0.3378 0.8190
vn -0.0123 0.2419 0.9702
vn -0.0282 0.3736 0.9272
vn 0.0451 0.7069 0.7059
vn 0.4399 0.2870 0.8509
vn 0.8481 0.2024 0.4896
vn 0.4576 0.3384 0.8223
vn 0.0013 0.4591 0.8884
vn 0.0008 0.7101 0.7041
vn 0.0031 0.4628 0.8864
vn 0.0004 0.7079 0.7063
vn 0.0002 0.9197 0.3927
vn -0.0000 0.9190 0.3942
vn -0.0000 0.9763 0.2163
vn -0.0013 0.4591 0.8884
vn -0.0002 0.7073 0.7069
vn -0.0001 0.9192 0.3938
vn -0.0000 0.9762 0.2167
vn -0.0030 0.4678 0.8839
vn -0.0008 0.7127 0.7014
vn -0.0002 0.9204 0.3910
vn -0.0001 0.9766 0.2152
vn -0.0064 0.2161 0.9763
vn 0.0209 -0.2681 0.9632
vn -0.0134 0.2235 0.9746
vn 0.0109 -0.2795 0.9601
vn 0.0619 -0.8233 0.5642
vn 0.0310 -0.8281 0.5597
vn -0.0108 -0.2801 0.9599
vn -0.0311 -0.8281 0.5597
vn 0.0138 0.2294 0.9732
vn -0.0293 -0.2644 0.9640
vn -0.0206 -0.2636 0.9644
vn -0.0843 -0.8222 0.5629
vn -0.0619 -0.8225 0.5653
vn -0.0742 -0.9888 0.1298
vn 0.0161 0.2417 0.9702
vn 0.0249 0.3686 0.9293
vn -0.0483 0.3736 0.9263
vn 0.0191 0.2337 0.9721
vn -0.8127 0.3024 0.4981
vn 0.0868 0.3662 0.9265
vn 0.0949 0.3806 0.9198
vn 0.0289 -0.2639 0.9641
vn 0.0820 -0.2232 0.9713
vn 0.9853 -0.0931 0.1431
vn 0.9901 0.0538 0.1295
vn 0.2208 -0.7602 0.6110
vn -0.1095 0.3818 0.9178
vn -0.1019 0.3752 0.9213
vn 0.0843 -0.8222 0.5630
vn -0.2208 -0.7602 0.6110
vn -0.0821 -0.2234 0.9713
vn 0.9711 0.1906 0.1440
vn 0.9902 0.0535 0.1290
vn -0.0183 0.2783 0.9603
vn -0.2224 -0.0770 0.9719
vn -0.0589 0.3271 0.9431
vn -0.3662 0.1287 0.9216
vn -0.4413 0.2868 0.8503
vn -0.0447 0.4575 0.8881
vn -0.3495 0.5015 0.7914
vn -0.0904 0.4154 0.9051
vn -0.4915 -0.5727 0.6561
vn -0.7470 -0.2345 0.6222
vn -0.8396 0.0802 0.5373
vn -0.1860 0.6355 0.7493
vn -0.6586 0.5587 0.5041
vn -0.5639 -0.8058 0.1810
vn -0.8718 -0.4575 0.1754
vn -0.9853 -0.0930 0.1433
vn -0.3674 0.8051 0.4657
vn -0.8307 0.5348 0.1545
vn 0.0445 0.4575 0.8881
vn 0.1860 0.6355 0.7493
vn 0.3495 0.5015 0.7914
vn 0.0903 0.4149 0.9054
vn 0.4539 0.3748 0.8084
vn 0.0185 0.2796 0.9599
vn 0.2230 -0.0771 0.9718
vn 0.0592 0.3275 0.9430
vn 0.3675 0.8050 0.4657
vn 0.6586 0.5586 0.5041
vn 0.8127 0.3025 0.4980
vn 0.4919 -0.5727 0.6558
vn 0.3663 0.1286 0.9216
vn 0.8397 0.0800 0.5371
vn 0.1782 0.9714 0.1567
vn 0.4836 0.8643 0.1385
vn 0.8307 0.5348 0.1545
vn 0.5639 -0.8057 0.1810
vn 0.7470 -0.2345 0.6221
vn 0.8717 -0.4577 0.1749
vn 0.9917 0.1285 -0.0000
vn 0.8685 0.4957 0.0001
vn 0.5043 0.8635 0.0001
vn 0.2383 -0.9712 -0.0000
vn 0.5413 -0.8408 -0.0000
vn 0.8620 -0.5070 -0.0000
vn -0.9917 0.1285 -0.0000
vn -0.8685 0.4957 0.0001
vn -0.4835 0.8643 0.1385
vn -0.5043 0.8635 0.0001
vn -0.2631 0.9648 0.0001
vn -0.5412 -0.8409 -0.0000
vn -0.8622 -0.5066 -0.0000
vn -0.9900 -0.1411 -0.0000
vn 0.0055 0.3531 0.9356
vn 0.7392 -0.6563 0.1515
vn 0.6572 0.7476 0.0964
vn 0.6882 -0.5670 0.4526
vn -0.0000 0.9424 -0.3346
vn -0.0000 0.9422 -0.3351
vn -0.0000 0.9422 -0.3350
vn -0.0160 0.3692 0.9292
vn -0.1605 0.1795 0.9706
vn 0.1847 0.4988 0.8468
vn -0.1583 0.5050 0.8485
vn 0.9995 -0.0301 0.0107
vn -0.9995 -0.0300 0.0107
vn -0.9995 -0.0301 0.0107
vn -0.0000 -0.9424 0.3344
vn -0.0000 -0.9423 0.3347
vn 0.6978 -0.6980 0.1609
vn 0.6858 0.7207 0.1019
vn 0.6448 -0.6107 0.4597
vn -0.1848 0.4989 0.8467
vn 0.1605 0.1796 0.9705
vn 0.1583 0.5049 0.8485
vn 0.0128 0.3683 0.9296
vn 0.0030 0.4678 0.8839
vn 0.0049 0.4733 0.8809
vn 0.0083 0.3570 0.9341
vn -0.0742 -0.9887 0.1300
vn -0.0371 -0.9909 0.1296
vn -0.0619 -0.8233 0.5642
vn -0.0209 -0.2681 0.9632
vn 0.0002 0.9204 0.3910
vn 0.0001 0.9766 0.2153
vn 0.0008 0.7128 0.7014
vn 0.0184 0.3622 0.9319
vn -0.1620 0.1721 0.9717
vn 0.1853 0.4876 0.8532
vn -0.1575 0.4988 0.8523
vn -0.0055 0.3531 0.9356
vn -0.0032 0.4628 0.8864
vn -0.0083 0.3570 0.9341
vn 0.0619 -0.8226 0.5653
vn 0.0742 -0.9888 0.1297
vn 0.0206 -0.2636 0.9644
vn -0.0137 0.2295 0.9732
vn -0.0000 0.9764 0.2160
vn -0.0001 0.9764 0.2162
vn -0.0002 0.9197 0.3927
vn -0.0008 0.7101 0.7041
vn -0.0181 0.3567 0.9341
vn 0.0109 0.3556 0.9346
vn 0.0150 0.3527 0.9356
vn 0.0152 0.3555 0.9346
vn 0.0107 0.3529 0.9356
vn -0.0082 0.3623 0.9320
vn -0.0155 0.3635 0.9315
vn -0.0111 0.3636 0.9315
vn -0.0112 0.3666 0.9303
vn -0.0156 0.3665 0.9303
vn 0.0111 0.3667 0.9303
vn 0.0155 0.3636 0.9314
vn 0.0157 0.3665 0.9303
vn 0.0082 0.3623 0.9320
vn 0.0111 0.3636 0.9315
vn 0.0110 0.3611 0.9325
vn 0.0152 0.3581 0.9336
vn 0.0154 0.3609 0.9325
vn 0.0109 0.3581 0.9336
vn -0.0150 0.3527 0.9356
vn -0.0108 0.3528 0.9356
vn -0.0109 0.3556 0.9346
vn -0.0152 0.3555 0.9346
vn -0.0153 0.3580 0.9336
vn -0.0109 0.3581 0.9336
vn -0.0110 0.3610 0.9325
vn -0.0154 0.3609 0.9325
vn -0.6496 0.7408 -0.1710
vn 0.6909 0.7044 -0.1626
vn 0.6541 0.7371 -0.1700
vn -0.6789 0.7279 0.0960
vn -0.6541 0.7371 -0.1700
vn 0.6788 0.7280 0.0960
vn 0.6810 0.7135 -0.1646
vn -0.7421 -0.6531 0.1506
vn 0.6482 -0.6064 0.4606
vn -0.6916 -0.5639 0.4514
vn 0.6496 0.7408 -0.1710
vn -0.6856 0.7207 0.1028
vn 0.6499 0.7541 0.0945
vn 0.7421 -0.6531 0.1506
vn -0.6481 -0.6060 0.4611
vn -0.7030 -0.6930 0.1596
vn -0.1614 0.1757 0.9711
vn 0.1852 0.4930 0.8501
vn -0.1579 0.5018 0.8504
vn -0.7448 -0.6502 0.1500
vn -0.6499 0.7542 0.0945
vn 0.7083 -0.6879 0.1587
vn 0.6519 -0.6019 0.4613
vn -0.1853 0.4877 0.8531
vn 0.1617 0.1721 0.9717
vn 0.1575 0.4988 0.8523
vn -0.7083 -0.6879 0.1587
vn -0.6810 0.7135 -0.1646
vn 0.7030 -0.6931 0.1597
vn 0.6825 0.7241 0.0993
vn -0.1850 0.4929 0.8502
vn 0.1612 0.1757 0.9712
vn 0.1580 0.5019 0.8504
vn -0.6519 -0.6019 0.4613
vn -0.7392 -0.6563 0.1515
vn -0.6576 0.7473 0.0954
vn 0.7448 -0.6502 0.1500
vn -0.6448 -0.6107 0.4597
vn -0.6978 -0.6980 0.1609
vn -0.6882 -0.5671 0.4525
vn -0.6517 0.7391 -0.1704
vn 0.6861 0.7089 -0.1636
vn 0.6535 0.7509 0.0954
vn 0.6916 -0.5640 0.4512
vn -0.6539 0.7506 0.0951
vn 0.6946 -0.5612 0.4501
vn -0.6909 0.7044 -0.1626
vn 0.6518 0.7390 -0.1704
vn -0.6824 0.7242 0.0993
vn -0.6860 0.7089 -0.1636
vn -0.0959 0.3750 0.9221
vn -0.0573 0.3735 0.9259
vn -0.6971 0.7169 -0.0000
vn -0.6971 -0.7169 -0.0000
vn 0.6971 -0.7169 -0.0000
vn 0.6971 0.7169 -0.0000
vn -0.0004 0.9982 0.0595
vn -0.6853 0.7271 0.0416
vn -0.6988 0.7146 0.0315
vn 0.6979 0.7142 0.0534
vn 0.9997 0.0186 0.0181
vn 0.6887 0.7222 0.0642
vn 0.9999 -0.0036 0.0152
vn 0.7080 -0.7051 -0.0396
vn 0.6789 0.7286 -0.0911
vn -0.0003 0.9938 -0.1111
vn -0.0000 0.9923 -0.1241
vn 0.6952 -0.7181 -0.0319
vn 0.0040 -0.9973 -0.0727
vn 0.0038 0.9973 0.0728
vn -0.6948 -0.7172 -0.0534
vn -0.0001 -0.9982 -0.0592
vn -0.9997 0.0188 -0.0153
vn -0.9999 -0.0033 -0.0160
vn -0.9995 0.0320 -0.0040
vn -0.6974 0.7122 -0.0801
vn -1.0000 -0.0035 -0.0004
vn -0.7105 -0.6982 0.0873
vn -0.6941 -0.7155 0.0789
vn -0.0000 -0.9923 0.1241
vn 0.6938 -0.7157 0.0806
vn 0.7105 -0.6982 0.0873
vn 0.9995 0.0320 -0.0040
vn 0.6972 0.7126 -0.0786
vn -0.6789 0.7286 -0.0911
vn -0.0003 -0.9939 0.1103
vn 1.0000 -0.0035 0.0019
vn -0.9999 -0.0051 -0.0130
vn -0.6946 -0.7188 -0.0276
vn -0.9999 -0.0041 -0.0096
vn -0.6952 -0.7183 0.0253
vn -1.0000 -0.0042 -0.0067
vn -0.6943 -0.7178 0.0532
vn -1.0000 -0.0050 -0.0032
vn -0.0003 -1.0000 0.0098
vn -0.6954 -0.7187 0.0003
vn -0.0004 -0.9991 0.0417
vn -0.0004 -0.9970 0.0773
vn -0.6999 0.7142 0.0097
vn -0.6992 0.7147 -0.0138
vn -0.6990 0.7142 -0.0349
vn -0.6990 0.7127 -0.0583
vn -0.0005 0.9997 0.0262
vn -0.0003 1.0000 -0.0098
vn -0.0003 0.9991 -0.0421
vn -0.0003 0.9969 -0.0781
vn 0.6992 0.7144 0.0277
vn 0.6989 0.7152 -0.0002
vn 0.6989 0.7148 -0.0251
vn 0.6988 0.7134 -0.0529
vn 0.9999 -0.0052 0.0125
vn 0.9999 -0.0041 0.0098
vn 1.0000 -0.0041 0.0074
vn 1.0000 -0.0050 0.0048
vn 0.6944 -0.7195 -0.0100
vn 0.6949 -0.7190 0.0138
vn 0.6947 -0.7185 0.0350
vn 0.6936 -0.7180 0.0587
vn -0.0004 -0.9997 -0.0260
vn -0.7030 -0.7083 -0.0634
vn -0.0309 0.3798 0.9246
vn -0.0310 0.3772 0.9256
vn -0.4685 0.6781 0.5663
vn 0.4435 0.6920 0.5697
vn -0.4696 -0.2018 0.8595
vn -0.4439 0.6920 0.5692
vn -0.4403 0.6935 0.5703
vn 0.4725 0.6680 0.5749
vn -0.4517 -0.2209 0.8644
vn -0.1743 0.1706 0.9698
vn -0.4727 -0.2006 0.8581
vn -0.6946 -0.5612 0.4501
vn 0.4711 -0.2017 0.8587
vn 0.4420 0.6927 0.5699
vn 0.4485 -0.2344 0.8625
vn 0.1733 0.1580 0.9721
vn 0.4699 -0.2017 0.8594
vn 0.4517 -0.2208 0.8644
vn 0.1743 0.1704 0.9698
vn 0.4687 0.6780 0.5662
vn -0.4423 0.6927 0.5696
vn -0.4711 -0.2015 0.8588
vn 0.4502 -0.2279 0.8634
vn 0.1738 0.1640 0.9710
vn 0.4705 0.6731 0.5706
vn -0.4725 0.6681 0.5748
vn -0.4488 -0.2345 0.8623
vn 0.4726 -0.2005 0.8582
vn -0.1734 0.1578 0.9721
vn 0.4401 0.6934 0.5704
vn -0.4706 0.6731 0.5704
vn -0.4500 -0.2275 0.8635
vn -0.1739 0.1640 0.9710
vn 0.0001 -0.0000 -1.0000
vn -0.0001 -0.0000 -1.0000
vn -0.0207 0.3736 0.9273
vn -0.0180 0.3770 0.9260
vn -0.0186 0.3771 0.9260
vn 0.1154 0.3862 0.9152
vn 0.1012 0.3755 0.9213
vn 0.9900 -0.1411 -0.0000
vn 0.8503 0.2012 0.4864
vn 0.4672 0.3372 0.8174
vn -0.8474 0.2030 0.4906
vn -0.9901 0.0537 0.1296
vn -0.4602 0.3385 0.8208
vn -0.0953 0.3752 0.9220
vn -0.0909 0.3659 0.9262
vn -0.0889 0.3751 0.9227
vn -0.0796 0.3744 0.9238
vn -0.0718 0.3745 0.9244
vn -0.9915 -0.0000 -0.1305
vn -0.0096 -1.0000 0.0001
vn 0.2632 0.9647 0.0001
vn -0.0000 0.3519 0.9360
vt 0.649956 0.671407
vt 0.909194 0.655045
vt 0.909194 0.671407
vt 0.649956 0.742641
vt 0.909194 0.717722
vt 0.909194 0.742641
vt 0.649956 0.716044
vt 0.909194 0.699682
vt 0.909194 0.716044
vt 0.905350 0.845350
vt 0.908274 0.890677
vt 0.905350 0.890677
vt 0.928847 0.664801
vt 0.914545 0.719923
vt 0.914545 0.664801
vt 0.928847 0.719923
vt 0.931601 0.664801
vt 0.931601 0.719923
vt 0.969457 0.719923
vt 0.983759 0.664801
vt 0.983759 0.719923
vt 0.593609 0.879239
vt 0.000977 0.882538
vt 0.000977 0.879239
vt 0.593609 0.908731
vt 0.000977 0.911714
vt 0.000977 0.908731
vt 0.000977 0.892883
vt 0.593609 0.882538
vt 0.593609 0.892883
vt 0.936867 0.946386
vt 0.416109 0.959088
vt 0.416109 0.946386
vt 0.000977 0.847498
vt 0.621532 0.862634
vt 0.000977 0.862634
vt 0.000977 0.872512
vt 0.621532 0.875663
vt 0.000977 0.875663
vt 0.000977 0.844650
vt 0.621532 0.847498
vt 0.621532 0.872512
vt 0.521734 0.975366
vt 0.001049 0.984455
vt 0.000977 0.975366
vt 0.162303 0.938329
vt 0.160867 0.954134
vt 0.160867 0.938329
vt 0.937155 0.793224
vt 0.923994 0.747896
vt 0.937155 0.747896
vt 0.946016 0.845350
vt 0.937155 0.890677
vt 0.937155 0.845350
vt 0.946016 0.793224
vt 0.948940 0.747896
vt 0.948940 0.793224
vt 0.932855 0.907946
vt 0.923994 0.911782
vt 0.923994 0.907946
vt 0.921436 0.793224
vt 0.923994 0.793224
vt 0.921436 0.911782
vt 0.921436 0.907946
vt 0.923994 0.890677
vt 0.908274 0.845350
vt 0.921436 0.890677
vt 0.921436 0.747896
vt 0.908274 0.793224
vt 0.908274 0.747896
vt 0.923994 0.845350
vt 0.946016 0.890677
vt 0.948940 0.845350
vt 0.948940 0.890677
vt 0.932855 0.730627
vt 0.923994 0.726790
vt 0.932855 0.726790
vt 0.905350 0.793224
vt 0.905350 0.747896
vt 0.921436 0.730627
vt 0.921436 0.726790
vt 0.923994 0.730627
vt 0.649956 0.698004
vt 0.909194 0.673085
vt 0.909194 0.698004
vt 0.649956 0.699682
vt 0.909194 0.698843
vt 0.649956 0.698843
vt 0.910968 0.672246
vt 0.909194 0.672246
vt 0.909194 0.744319
vt 0.910968 0.743480
vt 0.910968 0.744319
vt 0.910968 0.699682
vt 0.910968 0.716044
vt 0.910968 0.698004
vt 0.934619 0.664801
vt 0.934619 0.719923
vt 0.963685 0.664801
vt 0.960932 0.719923
vt 0.960932 0.664801
vt 0.937373 0.719923
vt 0.937373 0.664801
vt 0.969457 0.664801
vt 0.966704 0.719923
vt 0.966704 0.664801
vt 0.909194 0.716883
vt 0.649956 0.717722
vt 0.649956 0.716883
vt 0.963685 0.719923
vt 0.937373 0.662003
vt 0.934619 0.660589
vt 0.937373 0.660589
vt 0.937373 0.663408
vt 0.934619 0.662003
vt 0.934619 0.663408
vt 0.931601 0.660589
vt 0.931601 0.662003
vt 0.931601 0.663408
vt 0.928847 0.662003
vt 0.928847 0.660589
vt 0.928847 0.663408
vt 0.963685 0.660589
vt 0.960932 0.662003
vt 0.960932 0.660589
vt 0.963685 0.662003
vt 0.960932 0.663408
vt 0.963685 0.663408
vt 0.966704 0.660589
vt 0.966704 0.663408
vt 0.966704 0.662003
vt 0.969457 0.662003
vt 0.969457 0.660589
vt 0.969457 0.663408
vt 0.983759 0.662003
vt 0.983759 0.660589
vt 0.983759 0.663408
vt 0.914545 0.662003
vt 0.914545 0.660589
vt 0.914545 0.663408
vt 0.038101 0.807456
vt 0.041764 0.805034
vt 0.041764 0.807456
vt 0.909194 0.743480
vt 0.649956 0.744319
vt 0.649956 0.743480
vt 0.649956 0.673085
vt 0.649956 0.672246
vt 0.910968 0.698843
vt 0.910968 0.716883
vt 0.910968 0.717722
vt 0.910968 0.742641
vt 0.910968 0.671407
vt 0.910968 0.673085
vt 0.966568 0.318556
vt 0.967568 0.352579
vt 0.966568 0.352579
vt 0.961569 0.354135
vt 0.962568 0.359226
vt 0.961569 0.359226
vt 0.963569 0.354135
vt 0.964569 0.359226
vt 0.963569 0.359226
vt 0.966568 0.354135
vt 0.967568 0.359226
vt 0.966568 0.359226
vt 0.960570 0.354135
vt 0.960570 0.359226
vt 0.962568 0.354135
vt 0.964569 0.354135
vt 0.965568 0.359226
vt 0.965568 0.354135
vt 0.959569 0.354135
vt 0.959569 0.359226
vt 0.964569 0.352579
vt 0.965568 0.352579
vt 0.963569 0.352579
vt 0.962568 0.352579
vt 0.961569 0.352579
vt 0.960570 0.352579
vt 0.959569 0.352579
vt 0.963569 0.279351
vt 0.964569 0.318556
vt 0.963569 0.318556
vt 0.961569 0.318556
vt 0.965568 0.318556
vt 0.960570 0.318556
vt 0.962568 0.318556
vt 0.965568 0.240387
vt 0.966568 0.279351
vt 0.965568 0.279351
vt 0.967568 0.318556
vt 0.961569 0.279351
vt 0.964569 0.279351
vt 0.959569 0.318556
vt 0.960570 0.279351
vt 0.962568 0.279351
vt 0.962568 0.240387
vt 0.963569 0.139909
vt 0.963569 0.240387
vt 0.959569 0.279351
vt 0.960570 0.240387
vt 0.966568 0.240387
vt 0.967568 0.279351
vt 0.961569 0.240387
vt 0.964569 0.240387
vt 0.966568 0.095749
vt 0.967568 0.139909
vt 0.966568 0.139909
vt 0.964569 0.139909
vt 0.965568 0.139909
vt 0.959569 0.240387
vt 0.960570 0.139909
vt 0.962568 0.139909
vt 0.967568 0.240387
vt 0.961569 0.139909
vt 0.163740 0.955165
vt 0.165178 0.954134
vt 0.165178 0.955165
vt 0.961569 0.095749
vt 0.963569 0.095749
vt 0.964569 0.095749
vt 0.965568 0.095749
vt 0.959569 0.139909
vt 0.960570 0.095749
vt 0.962568 0.095749
vt 0.165178 0.938329
vt 0.163740 0.954134
vt 0.163740 0.938329
vt 0.155117 0.954134
vt 0.156554 0.955165
vt 0.155117 0.955165
vt 0.157990 0.955165
vt 0.159428 0.954134
vt 0.159428 0.955165
vt 0.162303 0.955165
vt 0.160867 0.955165
vt 0.153679 0.954134
vt 0.153679 0.955165
vt 0.157990 0.954134
vt 0.156554 0.938329
vt 0.155117 0.938329
vt 0.159428 0.938328
vt 0.157990 0.938329
vt 0.162303 0.954134
vt 0.153679 0.938329
vt 0.156554 0.954134
vt 0.900061 0.897569
vt 0.649956 0.880609
vt 0.900061 0.880609
vt 0.900061 0.832602
vt 0.649956 0.806774
vt 0.900061 0.806774
vt 0.900061 0.851301
vt 0.649956 0.834342
vt 0.900061 0.834342
vt 0.402775 0.602804
vt 0.438868 0.606476
vt 0.402775 0.606476
vt 0.935588 0.558899
vt 0.948696 0.619042
vt 0.935588 0.619042
vt 0.951220 0.619042
vt 0.948696 0.558899
vt 0.951220 0.558899
vt 0.999023 0.619042
vt 0.985915 0.558899
vt 0.999023 0.558899
vt 0.361268 0.642745
vt 0.325173 0.626217
vt 0.361268 0.626217
vt 0.438868 0.642745
vt 0.402775 0.653873
vt 0.402775 0.642745
vt 0.325173 0.657545
vt 0.361268 0.653873
vt 0.361268 0.657545
vt 0.455675 0.626217
vt 0.452620 0.637344
vt 0.452620 0.626217
vt 0.361268 0.623004
vt 0.455675 0.623004
vt 0.438868 0.626217
vt 0.452620 0.623004
vt 0.438868 0.623004
vt 0.402775 0.623004
vt 0.361268 0.606476
vt 0.325173 0.623004
vt 0.325173 0.606476
vt 0.402775 0.626217
vt 0.402775 0.657545
vt 0.438868 0.653873
vt 0.438868 0.657545
vt 0.325173 0.642745
vt 0.325173 0.653873
vt 0.308367 0.626217
vt 0.311422 0.637344
vt 0.308367 0.637344
vt 0.361268 0.602804
vt 0.325173 0.602804
vt 0.311422 0.623004
vt 0.308367 0.623004
vt 0.311422 0.626217
vt 0.900061 0.878869
vt 0.649956 0.853041
vt 0.900061 0.853041
vt 0.900061 0.852171
vt 0.649956 0.851301
vt 0.649956 0.852171
vt 0.901773 0.879739
vt 0.900061 0.879739
vt 0.900061 0.805034
vt 0.901773 0.805904
vt 0.900061 0.805904
vt 0.901773 0.851301
vt 0.901773 0.878869
vt 0.953986 0.619042
vt 0.953986 0.558899
vt 0.978102 0.558899
vt 0.980625 0.619042
vt 0.978102 0.619042
vt 0.956510 0.558899
vt 0.956510 0.619042
vt 0.983392 0.558899
vt 0.985915 0.619042
vt 0.983392 0.619042
vt 0.649956 0.832602
vt 0.900061 0.833472
vt 0.649956 0.833472
vt 0.980625 0.558899
vt 0.953986 0.623639
vt 0.956510 0.622095
vt 0.956510 0.623639
vt 0.953986 0.622095
vt 0.956510 0.620563
vt 0.953986 0.620563
vt 0.951220 0.623639
vt 0.951220 0.622095
vt 0.951220 0.620563
vt 0.948696 0.622095
vt 0.948696 0.620563
vt 0.980625 0.623639
vt 0.978102 0.622095
vt 0.980625 0.622095
vt 0.978102 0.620563
vt 0.980625 0.620563
vt 0.983392 0.623639
vt 0.983392 0.622095
vt 0.983392 0.620563
vt 0.985915 0.622095
vt 0.985915 0.623639
vt 0.985915 0.620563
vt 0.978102 0.623639
vt 0.999023 0.622095
vt 0.999023 0.623639
vt 0.999023 0.620563
vt 0.948696 0.623639
vt 0.935588 0.622095
vt 0.935588 0.620563
vt 0.014349 0.808176
vt 0.017172 0.805034
vt 0.017172 0.808176
vt 0.649956 0.805034
vt 0.649956 0.805904
vt 0.649956 0.878869
vt 0.649956 0.879739
vt 0.901773 0.852171
vt 0.901773 0.833472
vt 0.901773 0.806774
vt 0.901773 0.880609
vt 0.899959 0.207778
vt 0.901202 0.180382
vt 0.901202 0.207778
vt 0.906169 0.213130
vt 0.907410 0.209030
vt 0.907410 0.213130
vt 0.903683 0.213130
vt 0.904926 0.209030
vt 0.904926 0.213130
vt 0.899959 0.213130
vt 0.901202 0.209030
vt 0.901202 0.213130
vt 0.908650 0.209030
vt 0.908650 0.213130
vt 0.906169 0.209030
vt 0.902443 0.213130
vt 0.903683 0.209030
vt 0.902443 0.209030
vt 0.909893 0.209030
vt 0.909893 0.213130
vt 0.903683 0.207778
vt 0.902443 0.207778
vt 0.906169 0.207778
vt 0.904926 0.207778
vt 0.907410 0.207778
vt 0.909893 0.207778
vt 0.908650 0.207778
vt 0.899959 0.209030
vt 0.903683 0.180382
vt 0.904926 0.148813
vt 0.904926 0.180382
vt 0.907410 0.180382
vt 0.908650 0.180382
vt 0.906169 0.180382
vt 0.902443 0.180382
vt 0.909893 0.180382
vt 0.901202 0.148813
vt 0.902443 0.117440
vt 0.902443 0.148813
vt 0.899959 0.180382
vt 0.907410 0.148813
vt 0.908650 0.148813
vt 0.906169 0.148813
vt 0.903683 0.148813
vt 0.909893 0.148813
vt 0.906169 0.117440
vt 0.904926 0.036534
vt 0.906169 0.036534
vt 0.908650 0.117440
vt 0.909893 0.117440
vt 0.907410 0.117440
vt 0.904926 0.117440
vt 0.899959 0.148813
vt 0.901202 0.117440
vt 0.903683 0.117440
vt 0.899959 0.036534
vt 0.901202 0.000977
vt 0.901202 0.036534
vt 0.903683 0.036534
vt 0.902443 0.036534
vt 0.908650 0.036534
vt 0.909893 0.036534
vt 0.907410 0.036534
vt 0.899959 0.117440
vt 0.163740 0.937298
vt 0.907410 0.000977
vt 0.908650 0.000977
vt 0.904926 0.000977
vt 0.906169 0.000977
vt 0.903683 0.000977
vt 0.902443 0.000977
vt 0.909893 0.000977
vt 0.156554 0.937298
vt 0.155117 0.937298
vt 0.157990 0.937298
vt 0.162303 0.937298
vt 0.160867 0.937298
vt 0.153679 0.937298
vt 0.159428 0.937298
vt 0.960089 0.455968
vt 0.958827 0.463769
vt 0.958827 0.455968
vt 0.960089 0.545948
vt 0.958827 0.538144
vt 0.960089 0.538144
vt 0.992440 0.027373
vt 0.959569 0.023346
vt 0.992440 0.023346
vt 0.962869 0.545948
vt 0.961434 0.538144
vt 0.962869 0.538144
vt 0.959569 0.057722
vt 0.992440 0.053700
vt 0.992440 0.057722
vt 0.959569 0.003905
vt 0.992440 0.009564
vt 0.959569 0.009564
vt 0.992440 0.065766
vt 0.959569 0.069794
vt 0.959569 0.065766
vt 0.983556 0.530353
vt 0.993827 0.538144
vt 0.983556 0.538144
vt 0.993827 0.487143
vt 0.983556 0.514770
vt 0.983556 0.487143
vt 0.959569 0.053700
vt 0.992440 0.039439
vt 0.992440 0.031395
vt 0.959569 0.027373
vt 0.993827 0.479352
vt 0.983556 0.479352
vt 0.027508 0.754808
vt 0.033567 0.750534
vt 0.033567 0.754808
vt 0.027508 0.750534
vt 0.033567 0.735377
vt 0.033567 0.726828
vt 0.027508 0.722553
vt 0.033567 0.722553
vt 0.039513 0.768744
vt 0.045772 0.769802
vt 0.039513 0.769802
vt 0.962869 0.455968
vt 0.961434 0.463769
vt 0.961434 0.455968
vt 0.960089 0.463769
vt 0.962869 0.448812
vt 0.973479 0.447422
vt 0.973479 0.448812
vt 0.993827 0.545948
vt 0.983556 0.545948
vt 0.961434 0.545948
vt 0.993827 0.553113
vt 0.983556 0.554503
vt 0.983556 0.553113
vt 0.962869 0.487143
vt 0.961434 0.479352
vt 0.962869 0.479352
vt 0.961434 0.487143
vt 0.960089 0.479352
vt 0.960089 0.487143
vt 0.958827 0.479352
vt 0.962869 0.514770
vt 0.961434 0.514770
vt 0.960089 0.514770
vt 0.958827 0.487143
vt 0.962869 0.530353
vt 0.961434 0.530353
vt 0.960089 0.530353
vt 0.958827 0.530353
vt 0.993827 0.514770
vt 0.995261 0.522562
vt 0.993827 0.522562
vt 0.995261 0.514770
vt 0.996607 0.522562
vt 0.996607 0.514770
vt 0.997868 0.522562
vt 0.995261 0.487143
vt 0.996607 0.487143
vt 0.997868 0.514770
vt 0.993827 0.471560
vt 0.995261 0.463769
vt 0.995261 0.471560
vt 0.996607 0.463769
vt 0.996607 0.471560
vt 0.997868 0.463769
vt 0.997868 0.471560
vt 0.993827 0.455968
vt 0.983556 0.463769
vt 0.983556 0.455968
vt 0.993827 0.463769
vt 0.962869 0.447422
vt 0.973479 0.446118
vt 0.993827 0.551630
vt 0.983556 0.551630
vt 0.995261 0.538144
vt 0.995261 0.545948
vt 0.993827 0.555807
vt 0.983556 0.555807
vt 0.996607 0.545948
vt 0.997868 0.538144
vt 0.997868 0.545948
vt 0.962869 0.450295
vt 0.973479 0.450295
vt 0.996607 0.538144
vt 0.996607 0.455968
vt 0.995261 0.455968
vt 0.992440 0.083580
vt 0.959569 0.089239
vt 0.959569 0.083580
vt 0.993827 0.453956
vt 0.995261 0.453956
vt 0.993827 0.452040
vt 0.995261 0.452040
vt 0.995261 0.450295
vt 0.962869 0.453956
vt 0.961434 0.452040
vt 0.962869 0.452040
vt 0.961434 0.450295
vt 0.996607 0.453956
vt 0.996607 0.452040
vt 0.996607 0.450295
vt 0.961434 0.453956
vt 0.960089 0.452040
vt 0.960089 0.450295
vt 0.997868 0.455968
vt 0.997868 0.453956
vt 0.997868 0.452040
vt 0.997868 0.450295
vt 0.960089 0.453956
vt 0.958827 0.452040
vt 0.958827 0.450295
vt 0.962869 0.547962
vt 0.961434 0.547962
vt 0.961434 0.549891
vt 0.962869 0.549891
vt 0.961434 0.551630
vt 0.993827 0.547962
vt 0.995261 0.547962
vt 0.993827 0.549891
vt 0.995261 0.551630
vt 0.960089 0.547962
vt 0.960089 0.549891
vt 0.960089 0.551630
vt 0.996607 0.547962
vt 0.995261 0.549891
vt 0.996607 0.551630
vt 0.958827 0.545948
vt 0.958827 0.547962
vt 0.958827 0.549891
vt 0.958827 0.551630
vt 0.997868 0.547962
vt 0.996607 0.549891
vt 0.997868 0.549891
vt 0.992440 0.089239
vt 0.959569 0.090137
vt 0.992440 0.090137
vt 0.959569 0.091133
vt 0.992440 0.091133
vt 0.959569 0.092173
vt 0.992440 0.069794
vt 0.959569 0.070833
vt 0.992440 0.070833
vt 0.959569 0.071829
vt 0.992440 0.071829
vt 0.959569 0.072727
vt 0.992440 0.003905
vt 0.959569 0.003004
vt 0.992440 0.003004
vt 0.959569 0.002015
vt 0.992440 0.002015
vt 0.959569 0.000977
vt 0.992440 0.000977
vt 0.959569 0.022307
vt 0.992440 0.022307
vt 0.959569 0.021318
vt 0.992440 0.021318
vt 0.959569 0.020417
vt 0.992440 0.020417
vt 0.045772 0.770756
vt 0.039513 0.770756
vt 0.973479 0.487143
vt 0.036390 0.839782
vt 0.036697 0.834590
vt 0.036754 0.839443
vt 0.983202 0.487143
vt 0.973479 0.538144
vt 0.201853 0.938110
vt 0.204891 0.942344
vt 0.201824 0.942474
vt 0.962644 0.386828
vt 0.974516 0.386468
vt 0.974516 0.386828
vt 0.962644 0.412884
vt 0.974516 0.412524
vt 0.974516 0.412884
vt 0.973833 0.514770
vt 0.973479 0.514770
vt 0.197748 0.946512
vt 0.197704 0.951973
vt 0.197414 0.946828
vt 0.040022 0.835005
vt 0.036984 0.839239
vt 0.036955 0.834875
vt 0.973479 0.463769
vt 0.962869 0.471560
vt 0.962869 0.463769
vt 0.973479 0.479352
vt 0.997868 0.479352
vt 0.997868 0.487143
vt 0.996607 0.479352
vt 0.995261 0.479352
vt 0.960089 0.471560
vt 0.958827 0.471560
vt 0.961434 0.471560
vt 0.027508 0.731103
vt 0.033567 0.731103
vt 0.027508 0.726828
vt 0.983556 0.471560
vt 0.959569 0.035417
vt 0.992440 0.035417
vt 0.959569 0.031395
vt 0.194396 0.947208
vt 0.197431 0.951705
vt 0.194366 0.951757
vt 0.962869 0.522562
vt 0.973479 0.522562
vt 0.996607 0.530353
vt 0.997868 0.530353
vt 0.995261 0.530353
vt 0.993827 0.530353
vt 0.958827 0.522562
vt 0.958827 0.514770
vt 0.960089 0.522562
vt 0.961434 0.522562
vt 0.027508 0.763357
vt 0.033567 0.759083
vt 0.033567 0.763357
vt 0.027508 0.759083
vt 0.983556 0.522562
vt 0.992440 0.061744
vt 0.959569 0.061744
vt 0.962782 0.395207
vt 0.973505 0.394364
vt 0.974450 0.395327
vt 0.963612 0.387781
vt 0.963719 0.394264
vt 0.973556 0.387781
vt 0.962775 0.429881
vt 0.973273 0.430615
vt 0.963734 0.430814
vt 0.974104 0.438021
vt 0.974241 0.429642
vt 0.963785 0.437396
vt 0.973167 0.437098
vt 0.962840 0.438379
vt 0.963056 0.411965
vt 0.973375 0.411340
vt 0.974320 0.412323
vt 0.963887 0.404559
vt 0.963993 0.411042
vt 0.974385 0.403825
vt 0.962919 0.403586
vt 0.973425 0.404757
vt 0.973440 0.402853
vt 0.963750 0.396170
vt 0.963856 0.402653
vt 0.973490 0.396269
vt 0.973548 0.413837
vt 0.963604 0.413837
vt 0.974378 0.421263
vt 0.963655 0.420421
vt 0.973441 0.420320
vt 0.962710 0.421383
vt 0.973410 0.422226
vt 0.963669 0.422325
vt 0.963720 0.428909
vt 0.973304 0.428709
vt 0.193806 0.952407
vt 0.198015 0.952289
vt 0.036390 0.834196
vt 0.040291 0.834752
vt 0.201259 0.943153
vt 0.205161 0.942597
vt 0.205472 0.942905
vt 0.190625 0.937524
vt 0.194227 0.937682
vt 0.190988 0.937866
vt 0.028620 0.831801
vt 0.032518 0.832235
vt 0.028927 0.832184
vt 0.020749 0.837534
vt 0.024351 0.837375
vt 0.024682 0.837691
vt 0.191218 0.938073
vt 0.194255 0.942433
vt 0.191190 0.942539
vt 0.193806 0.946656
vt 0.194113 0.952024
vt 0.205183 0.937380
vt 0.204853 0.937697
vt 0.032245 0.832503
vt 0.029210 0.837000
vt 0.029180 0.832451
vt 0.040313 0.839969
vt 0.040602 0.834444
vt 0.194558 0.937367
vt 0.194524 0.942687
vt 0.024380 0.832625
vt 0.021342 0.836984
vt 0.021314 0.832518
vt 0.039983 0.839652
vt 0.201259 0.937567
vt 0.201567 0.942759
vt 0.028620 0.837552
vt 0.032228 0.837380
vt 0.032562 0.837696
vt 0.201624 0.937906
vt 0.190625 0.943213
vt 0.194834 0.942996
vt 0.021056 0.832235
vt 0.021112 0.837191
vt 0.190932 0.942822
vt 0.028981 0.837208
vt 0.032829 0.831919
vt 0.020749 0.831844
vt 0.024648 0.832370
vt 0.024958 0.832061
vt 0.973479 0.452040
vt 0.973479 0.455968
vt 0.168755 0.947192
vt 0.177311 0.949171
vt 0.168755 0.949171
vt 0.168755 0.951150
vt 0.177311 0.953129
vt 0.168755 0.953129
vt 0.168755 0.937298
vt 0.177311 0.939277
vt 0.168755 0.939277
vt 0.168755 0.941256
vt 0.177311 0.943235
vt 0.168755 0.943235
vt 0.168755 0.945213
vt 0.177311 0.947192
vt 0.177311 0.951150
vt 0.177311 0.941256
vt 0.177311 0.945213
vt 0.904723 0.261540
vt 0.905913 0.216707
vt 0.905913 0.261540
vt 0.000977 0.004355
vt 0.001928 0.002770
vt 0.001928 0.003961
vt 0.002376 0.000977
vt 0.000977 0.002376
vt 0.003961 0.001928
vt 0.002770 0.001928
vt 0.004355 0.000977
vt 0.004803 0.002770
vt 0.005754 0.004355
vt 0.005754 0.002376
vt 0.004355 0.005754
vt 0.004803 0.003961
vt 0.002770 0.004803
vt 0.003961 0.004803
vt 0.002376 0.005754
vt 0.903532 0.261540
vt 0.902341 0.216707
vt 0.903532 0.216707
vt 0.902341 0.261540
vt 0.901150 0.216707
vt 0.903532 0.335003
vt 0.904723 0.327888
vt 0.904723 0.335003
vt 0.901150 0.261540
vt 0.899959 0.216707
vt 0.904723 0.216707
vt 0.908295 0.261540
vt 0.909486 0.216707
vt 0.909486 0.261540
vt 0.907104 0.216707
vt 0.907104 0.261540
vt 0.907104 0.335003
vt 0.905913 0.327888
vt 0.907104 0.327888
vt 0.908295 0.335003
vt 0.908295 0.327888
vt 0.899959 0.335003
vt 0.901150 0.327888
vt 0.901150 0.335003
vt 0.902341 0.335003
vt 0.903532 0.327888
vt 0.905913 0.335003
vt 0.909486 0.335003
vt 0.909486 0.327888
vt 0.902341 0.327888
vt 0.907104 0.273422
vt 0.908295 0.273422
vt 0.907104 0.287367
vt 0.908295 0.302027
vt 0.907104 0.302027
vt 0.908295 0.315984
vt 0.907104 0.315984
vt 0.909486 0.287367
vt 0.908295 0.287367
vt 0.909486 0.302027
vt 0.909486 0.315984
vt 0.905913 0.273422
vt 0.905913 0.287367
vt 0.905913 0.302027
vt 0.905913 0.315984
vt 0.904723 0.273422
vt 0.904723 0.287367
vt 0.904723 0.302027
vt 0.904723 0.315984
vt 0.903532 0.273422
vt 0.903532 0.287367
vt 0.903532 0.302027
vt 0.903532 0.315984
vt 0.902341 0.273422
vt 0.902341 0.287367
vt 0.902341 0.302027
vt 0.902341 0.315984
vt 0.901150 0.273422
vt 0.901150 0.287367
vt 0.901150 0.302027
vt 0.901150 0.315984
vt 0.899959 0.261540
vt 0.899959 0.273422
vt 0.899959 0.287367
vt 0.899959 0.302027
vt 0.899959 0.315984
vt 0.899959 0.327888
vt 0.908295 0.216707
vt 0.983556 0.549891
vt 0.983556 0.547962
vt 0.040138 0.834895
vt 0.036843 0.834751
vt 0.201755 0.938024
vt 0.201713 0.942599
vt 0.194257 0.951873
vt 0.197549 0.951822
vt 0.039855 0.839514
vt 0.039759 0.839410
vt 0.194297 0.947120
vt 0.194167 0.947000
vt 0.021243 0.837072
vt 0.021203 0.832395
vt 0.197284 0.946967
vt 0.197186 0.947070
vt 0.036885 0.839325
vt 0.204725 0.937836
vt 0.204628 0.937939
vt 0.205008 0.942454
vt 0.191078 0.942662
vt 0.191119 0.937985
vt 0.194098 0.937821
vt 0.194001 0.937923
vt 0.194371 0.942543
vt 0.032363 0.832386
vt 0.032098 0.837241
vt 0.029111 0.837088
vt 0.032000 0.837138
vt 0.029070 0.832335
vt 0.024495 0.832514
vt 0.024222 0.837237
vt 0.024125 0.837134
vt 0.039513 0.767639
vt 0.045772 0.768744
vt 0.045772 0.763357
vt 0.045772 0.767639
vt 0.045772 0.715161
vt 0.039513 0.716118
vt 0.039513 0.715161
vt 0.033567 0.717170
vt 0.027508 0.716118
vt 0.033567 0.716118
vt 0.033567 0.718273
vt 0.027508 0.717170
vt 0.039513 0.718273
vt 0.045772 0.722553
vt 0.039513 0.722553
vt 0.027508 0.718273
vt 0.045772 0.717170
vt 0.039513 0.717170
vt 0.045772 0.716118
vt 0.027508 0.715161
vt 0.033567 0.715161
vt 0.027508 0.767639
vt 0.033567 0.767639
vt 0.039513 0.763357
vt 0.027508 0.768744
vt 0.033567 0.768744
vt 0.973479 0.545948
vt 0.973479 0.547962
vt 0.973479 0.549891
vt 0.962869 0.551630
vt 0.973479 0.551630
vt 0.045772 0.759083
vt 0.039513 0.754808
vt 0.045772 0.754808
vt 0.039513 0.759083
vt 0.039513 0.731103
vt 0.045772 0.726828
vt 0.045772 0.731103
vt 0.039513 0.726828
vt 0.039513 0.735377
vt 0.045772 0.735377
vt 0.027508 0.770756
vt 0.033567 0.769802
vt 0.033567 0.770756
vt 0.992440 0.072727
vt 0.959569 0.078205
vt 0.992440 0.078205
vt 0.962869 0.554503
vt 0.973479 0.555807
vt 0.962869 0.555807
vt 0.973479 0.554503
vt 0.973479 0.553113
vt 0.962869 0.553113
vt 0.983556 0.447422
vt 0.993827 0.446118
vt 0.993827 0.447422
vt 0.983556 0.446118
vt 0.993827 0.448812
vt 0.983556 0.448812
vt 0.027508 0.769802
vt 0.039513 0.750534
vt 0.045772 0.750534
vt 0.959569 0.014939
vt 0.992440 0.014939
vt 0.983556 0.450295
vt 0.993827 0.450295
vt 0.983556 0.452040
vt 0.973479 0.453956
vt 0.983556 0.453956
vt 0.014349 0.835059
vt 0.017172 0.838201
vt 0.014349 0.838201
vt 0.017172 0.835059
vt 0.000977 0.808176
vt 0.000977 0.835059
vt 0.038101 0.828173
vt 0.041764 0.830594
vt 0.038101 0.830594
vt 0.020749 0.828173
vt 0.020749 0.807456
vt 0.649956 0.655045
vt 0.593609 0.911714
vt 0.416037 0.937298
vt 0.936794 0.937297
vt 0.936867 0.959088
vt 0.621532 0.844650
vt 0.000977 0.962664
vt 0.521734 0.962664
vt 0.521807 0.984454
vt 0.946016 0.747896
vt 0.932855 0.911782
vt 0.921436 0.845350
vt 0.038101 0.805034
vt 0.910968 0.655045
vt 0.967568 0.354135
vt 0.967568 0.095749
vt 0.959569 0.095749
vt 0.649956 0.897569
vt 0.438868 0.602804
vt 0.455675 0.637344
vt 0.901773 0.805034
vt 0.901773 0.834342
vt 0.901773 0.853041
vt 0.935588 0.623639
vt 0.014349 0.805034
vt 0.901773 0.832602
vt 0.901773 0.897569
vt 0.899959 0.000977
vt 0.165178 0.937298
vt 0.959569 0.039439
vt 0.027508 0.735377
vt 0.993827 0.554503
vt 0.962869 0.446118
vt 0.958827 0.453956
vt 0.997868 0.551630
vt 0.992440 0.092173
vt 0.983202 0.514770
vt 0.973479 0.530353
vt 0.962644 0.386468
vt 0.962644 0.412524
vt 0.973833 0.487143
vt 0.973479 0.471560
vt 0.177311 0.937298
vt 0.909486 0.273422
vt 0.045772 0.718273
vt 0.041764 0.828173
vt 0.002546 0.002546
vt 0.997454 0.997544
vt 0.002546 0.997544
vt 0.997454 0.002546
s 1
usemtl Material.002
f 1052/1241/721 1004/1242/722 1073/1243/721
f 1058/1244/723 1118/1245/724 1070/1246/723
f 1055/1247/725 1076/1248/726 1003/1249/727
f 1043/1250/728 1033/1251/728 1029/1252/728
f 1086/1253/729 1002/1254/730 1081/1255/731
f 1066/1256/732 1094/1257/733 1068/1258/734
f 1061/1259/735 1078/1260/736 1001/1261/737
f 1007/1262/737 1210/1263/737 1209/1264/737
f 1005/1265/738 1212/1266/738 1207/1267/738
f 1208/1268/738 1008/1269/738 1006/1270/738
f 1213/1271/730 1010/1272/730 1011/1273/730
f 1214/1274/730 1013/1275/730 1215/1276/730
f 1217/1277/730 1014/1278/730 1216/1279/730
f 1219/1280/738 1012/1281/738 1214/1274/738
f 1217/1277/738 1013/1275/738 1015/1282/738
f 1220/1283/737 1016/1284/737 1018/1285/737
f 1394/1286/730 1191/1287/739 1393/1288/739
f 1036/1289/740 1022/1290/740 1024/1291/740
f 1041/1292/738 1023/1293/738 1037/1294/738
f 1040/1295/740 1025/1296/740 1038/1297/740
f 1027/1298/730 1019/1299/730 1023/1300/730
f 1044/1301/741 1022/1290/742 1034/1302/741
f 1029/1303/730 1023/1300/730 1019/1299/730
f 1033/1304/730 1021/1305/730 1023/1300/730
f 1048/1306/728 1031/1307/728 1033/1251/728
f 1032/1308/728 1047/1309/728 1046/1310/728
f 1044/1301/728 1048/1306/728 1047/1309/728
f 1031/1307/743 1035/1311/744 1021/1305/743
f 1035/1311/744 1044/1301/741 1034/1302/741
f 1027/1312/740 1039/1313/740 1026/1314/740
f 1041/1292/740 1038/1297/740 1039/1313/740
f 1024/1291/738 1040/1295/738 1036/1289/738
f 1036/1289/738 1041/1292/738 1037/1294/738
f 1021/1305/740 1037/1294/740 1023/1293/740
f 1035/1311/740 1036/1289/740 1037/1294/740
f 1028/1315/737 1020/1316/737 1025/1317/737
f 1047/1309/728 1043/1250/728 1042/1318/728
f 1046/1310/728 1042/1318/728 1030/1319/728
f 1020/1316/737 1046/1320/737 1030/1321/737
f 1032/1308/737 1024/1322/737 1022/1290/737
f 1049/1323/745 1071/1324/746 1074/1325/745
f 1050/1326/747 1075/1327/748 1076/1248/726
f 1051/1328/749 1074/1325/745 1075/1327/748
f 1073/1243/738 1119/1329/738 1072/1330/738
f 1004/1331/738 1125/1332/738 1126/1333/738
f 1003/1249/738 1200/1334/738 1122/1335/738
f 1071/1324/738 1202/1336/738 1074/1325/738
f 1068/1258/734 1098/1337/750 1067/1338/751
f 1110/1339/752 1062/1340/753 1102/1341/754
f 1102/1341/754 1065/1342/755 1090/1343/756
f 1106/1344/757 1063/1345/758 1114/1346/759
f 1117/1347/760 1056/1348/724 1057/1349/761
f 1114/1346/759 1064/1350/762 1110/1339/752
f 1067/1338/751 1090/1343/756 1065/1342/755
f 1091/1351/763 1097/1352/764 1089/1353/765
f 1092/1354/766 1099/1355/767 1091/1351/763
f 1090/1343/756 1100/1356/768 1092/1354/766
f 1099/1355/767 1093/1357/769 1097/1352/764
f 1100/1356/768 1095/1358/770 1099/1355/767
f 1098/1337/750 1096/1359/771 1100/1356/768
f 1093/1357/769 1087/1360/772 1085/1361/773
f 1095/1358/770 1088/1362/774 1087/1360/772
f 1096/1359/771 1086/1253/729 1088/1362/774
f 1109/1363/775 1103/1364/776 1101/1365/777
f 1111/1366/778 1104/1367/779 1103/1364/776
f 1112/1368/780 1102/1341/754 1104/1367/779
f 1113/1369/781 1111/1366/778 1109/1363/775
f 1116/1370/782 1111/1366/778 1115/1371/783
f 1116/1370/782 1110/1339/752 1112/1368/780
f 1107/1372/784 1113/1369/781 1105/1373/785
f 1108/1374/786 1115/1371/783 1107/1372/784
f 1106/1344/757 1116/1370/782 1108/1374/786
f 1103/1364/776 1089/1353/765 1101/1365/777
f 1104/1367/779 1091/1351/763 1103/1364/776
f 1102/1341/754 1092/1354/766 1104/1367/779
f 1079/1375/787 1105/1373/785 1077/1376/788
f 1080/1377/789 1107/1372/784 1079/1375/787
f 1078/1260/736 1108/1374/786 1080/1377/789
f 1085/1361/773 1084/1378/790 1082/1379/791
f 1087/1360/772 1083/1380/792 1084/1378/790
f 1088/1362/774 1081/1255/731 1083/1380/792
f 1105/1381/785 1109/1382/775 1101/1383/777
f 1003/1249/727 1057/1349/761 1055/1247/725
f 1069/1384/793 1059/1385/722 1060/1386/793
f 1070/1246/723 1060/1386/793 1058/1244/723
f 1072/1330/794 1053/1387/746 1054/1388/794
f 1073/1243/721 1054/1388/794 1052/1241/721
f 1074/1325/738 1201/1389/738 1075/1327/738
f 1076/1248/738 1201/1389/738 1200/1334/738
f 1118/1245/738 1123/1390/738 1124/1391/738
f 1118/1245/738 1121/1392/738 1070/1246/738
f 1003/1249/738 1123/1390/738 1117/1347/738
f 1070/1246/738 1125/1332/738 1069/1384/738
f 1004/1242/738 1120/1393/738 1073/1243/738
f 1071/1324/738 1119/1329/738 1199/1394/738
f 1158/1395/795 1141/1396/796 1142/1397/797
f 1147/1398/737 1130/1399/798 1131/1400/737
f 1145/1401/799 1128/1402/800 1129/1403/799
f 1150/1404/801 1133/1405/738 1134/1406/801
f 1148/1407/802 1131/1400/737 1132/1408/802
f 1146/1409/798 1129/1403/799 1130/1399/798
f 1143/1410/800 1127/1411/730 1128/1402/800
f 1144/1412/730 1134/1406/801 1127/1411/730
f 1149/1413/738 1132/1408/802 1133/1414/738
f 1144/1412/728 1135/1415/728 1136/1416/728
f 1135/1415/728 1145/1401/728 1137/1417/728
f 1145/1401/728 1138/1418/728 1137/1417/728
f 1138/1418/728 1147/1398/728 1139/1419/728
f 1139/1419/728 1148/1407/728 1140/1420/728
f 1148/1407/728 1141/1421/728 1140/1420/728
f 1141/1396/728 1150/1404/728 1142/1397/728
f 1150/1404/728 1136/1416/728 1142/1397/728
f 1161/1422/803 1151/1423/804 1153/1424/805
f 1140/1420/806 1155/1425/807 1139/1419/808
f 1138/1418/809 1153/1424/805 1137/1417/810
f 1151/1423/804 1136/1416/811 1135/1415/812
f 1152/1426/813 1142/1397/797 1136/1416/811
f 1141/1421/796 1156/1427/814 1140/1420/806
f 1139/1419/808 1154/1428/815 1138/1418/809
f 1153/1424/805 1135/1415/812 1137/1417/810
f 1168/1429/816 1166/1430/817 1160/1431/818
f 1166/1430/817 1157/1432/819 1158/1395/795
f 1156/1427/814 1163/1433/820 1155/1425/807
f 1154/1428/815 1161/1422/803 1153/1424/805
f 1159/1434/821 1152/1426/813 1151/1423/804
f 1160/1431/818 1158/1395/795 1152/1426/813
f 1157/1435/819 1164/1436/822 1156/1427/814
f 1155/1425/807 1162/1437/823 1154/1428/815
f 1170/1438/824 1177/1439/825 1169/1440/826
f 1165/1441/827 1172/1442/828 1164/1436/822
f 1163/1433/820 1170/1438/824 1162/1437/823
f 1169/1440/826 1159/1434/821 1161/1422/803
f 1174/1443/829 1165/1444/827 1166/1430/817
f 1164/1436/822 1171/1445/830 1163/1433/820
f 1162/1437/823 1169/1440/826 1161/1422/803
f 1167/1446/831 1160/1431/818 1159/1434/821
f 1190/1447/832 1181/1448/833 1182/1449/834
f 1175/1450/835 1168/1429/816 1167/1446/831
f 1176/1451/836 1174/1443/829 1168/1429/816
f 1173/1452/837 1180/1453/838 1172/1442/828
f 1171/1445/830 1178/1454/839 1170/1438/824
f 1177/1439/825 1167/1446/831 1169/1440/826
f 1182/1449/834 1173/1455/837 1174/1443/829
f 1172/1442/828 1179/1456/840 1171/1445/830
f 1190/1457/740 1197/1458/740 1189/1459/740
f 1180/1453/838 1187/1460/841 1179/1456/840
f 1178/1454/839 1185/1461/842 1177/1439/825
f 1183/1462/843 1176/1451/836 1175/1450/835
f 1184/1463/844 1182/1449/834 1176/1451/836
f 1181/1464/833 1188/1465/845 1180/1453/838
f 1179/1456/840 1186/1466/846 1178/1454/839
f 1185/1461/842 1175/1450/835 1177/1439/825
f 1399/1467/738 1198/1468/847 1400/1469/847
f 1196/1470/740 1187/1471/740 1188/1472/740
f 1186/1473/740 1193/1474/740 1185/1475/740
f 1191/1287/740 1184/1476/740 1183/1477/740
f 1184/1476/740 1198/1468/740 1190/1457/740
f 1197/1478/740 1188/1472/740 1189/1479/740
f 1187/1471/740 1194/1480/740 1186/1473/740
f 1193/1474/740 1183/1477/740 1185/1475/740
f 1397/1481/737 1196/1470/848 1398/1482/848
f 1395/1483/799 1194/1480/849 1396/1484/849
f 1400/1469/847 1192/1485/730 1394/1286/730
f 1398/1482/848 1197/1478/738 1399/1486/738
f 1396/1484/849 1195/1487/737 1397/1481/737
f 1393/1288/739 1193/1474/799 1395/1483/799
f 1206/1488/850 1254/1489/722 1275/1490/851
f 1320/1491/745 1260/1492/746 1272/1493/746
f 1278/1494/852 1257/1495/747 1205/1496/853
f 1245/1497/740 1235/1498/740 1250/1499/740
f 1204/1500/730 1288/1501/854 1283/1502/855
f 1296/1503/856 1268/1504/732 1270/1505/734
f 1280/1506/857 1263/1507/735 1203/1508/737
f 1238/1509/728 1224/1510/728 1236/1511/728
f 1225/1512/738 1243/1513/738 1239/1514/738
f 1227/1515/728 1242/1516/728 1240/1517/728
f 1221/1518/730 1229/1519/730 1225/1520/730
f 1224/1510/742 1246/1521/741 1236/1511/741
f 1225/1520/730 1231/1522/730 1221/1518/730
f 1223/1523/730 1235/1524/730 1225/1520/730
f 1250/1499/740 1233/1525/740 1247/1526/740
f 1249/1527/740 1234/1528/740 1248/1529/740
f 1250/1499/740 1246/1521/740 1249/1527/740
f 1237/1530/744 1233/1525/743 1223/1523/743
f 1237/1530/744 1246/1521/741 1247/1526/744
f 1241/1531/728 1229/1532/728 1228/1533/728
f 1240/1517/728 1243/1513/728 1241/1531/728
f 1226/1534/738 1242/1516/738 1230/1535/738
f 1238/1509/738 1243/1513/738 1242/1516/738
f 1239/1514/728 1223/1523/728 1225/1512/728
f 1238/1509/728 1237/1530/728 1239/1514/728
f 1222/1536/737 1230/1537/737 1227/1538/737
f 1245/1497/740 1249/1527/740 1244/1539/740
f 1244/1539/740 1248/1529/740 1232/1540/740
f 1248/1541/737 1222/1536/737 1232/1542/737
f 1226/1543/737 1234/1528/737 1224/1510/737
f 1273/1544/723 1251/1545/858 1276/1546/724
f 1277/1547/760 1252/1548/725 1278/1494/852
f 1276/1546/724 1253/1549/859 1277/1547/760
f 1321/1550/738 1275/1490/738 1274/1551/738
f 1206/1552/738 1327/1553/738 1271/1554/738
f 1205/1496/738 1402/1555/738 1278/1494/738
f 1276/1546/738 1401/1556/738 1273/1544/738
f 1300/1557/860 1270/1505/734 1269/1558/861
f 1264/1559/753 1312/1560/862 1304/1561/863
f 1267/1562/755 1304/1561/863 1292/1563/864
f 1265/1564/758 1308/1565/865 1316/1566/866
f 1258/1567/745 1319/1568/867 1259/1569/868
f 1266/1570/869 1316/1566/866 1312/1560/862
f 1292/1563/864 1269/1558/861 1267/1562/755
f 1299/1571/870 1293/1572/871 1291/1573/872
f 1301/1574/873 1294/1575/874 1293/1572/871
f 1302/1576/875 1292/1563/864 1294/1575/874
f 1295/1577/876 1301/1574/873 1299/1571/870
f 1297/1578/877 1302/1576/875 1301/1574/873
f 1298/1579/878 1300/1557/860 1302/1576/875
f 1295/1577/876 1289/1580/879 1297/1578/877
f 1297/1578/877 1290/1581/880 1298/1579/878
f 1298/1579/878 1288/1501/854 1296/1503/856
f 1311/1582/881 1305/1583/882 1313/1584/883
f 1313/1584/883 1306/1585/884 1314/1586/885
f 1314/1586/885 1304/1561/863 1312/1560/862
f 1315/1587/886 1313/1584/883 1317/1588/887
f 1313/1584/883 1318/1589/888 1317/1588/887
f 1318/1589/888 1312/1560/862 1316/1566/866
f 1315/1587/886 1309/1590/889 1307/1591/890
f 1317/1588/887 1310/1592/891 1309/1590/889
f 1318/1589/888 1308/1565/865 1310/1592/891
f 1291/1573/872 1305/1583/882 1303/1593/892
f 1305/1583/882 1294/1575/874 1306/1585/884
f 1294/1575/874 1304/1561/863 1306/1585/884
f 1307/1591/890 1281/1594/893 1279/1595/894
f 1309/1590/889 1282/1596/895 1281/1594/893
f 1310/1592/891 1280/1506/857 1282/1596/895
f 1287/1597/896 1286/1598/897 1289/1580/879
f 1289/1580/879 1285/1599/898 1290/1581/880
f 1290/1581/880 1283/1502/855 1288/1501/854
f 1287/1600/896 1299/1601/870 1291/1602/872
f 1259/1569/868 1205/1496/853 1257/1495/747
f 1261/1603/850 1271/1554/794 1262/1604/794
f 1262/1604/794 1272/1493/746 1260/1492/746
f 1255/1605/899 1274/1551/793 1256/1606/900
f 1256/1606/900 1275/1490/851 1254/1489/722
f 1403/1607/738 1276/1546/738 1277/1547/738
f 1278/1494/738 1403/1607/738 1277/1547/738
f 1320/1491/738 1325/1608/738 1319/1568/738
f 1323/1609/738 1320/1491/738 1272/1493/738
f 1325/1608/738 1205/1496/738 1319/1568/738
f 1327/1553/738 1272/1493/738 1271/1554/738
f 1322/1610/738 1206/1488/738 1275/1490/738
f 1273/1544/738 1321/1550/738 1274/1551/738
f 1343/1611/901 1360/1612/902 1344/1613/903
f 1332/1614/798 1349/1615/737 1333/1616/737
f 1330/1617/800 1347/1618/799 1331/1619/799
f 1335/1620/738 1352/1621/801 1336/1622/801
f 1333/1616/737 1350/1623/802 1334/1624/802
f 1331/1619/799 1348/1625/798 1332/1614/798
f 1329/1626/730 1345/1627/800 1330/1617/800
f 1336/1622/801 1346/1628/730 1329/1626/730
f 1334/1624/802 1351/1629/738 1335/1630/738
f 1337/1631/740 1346/1628/740 1338/1632/740
f 1337/1631/740 1347/1618/740 1345/1627/740
f 1340/1633/740 1347/1618/740 1339/1634/740
f 1340/1633/740 1349/1615/740 1348/1625/740
f 1341/1635/740 1350/1623/740 1349/1615/740
f 1343/1636/740 1350/1623/740 1342/1637/740
f 1343/1611/740 1352/1621/740 1351/1638/740
f 1338/1632/740 1352/1621/740 1344/1613/740
f 1353/1639/904 1363/1640/905 1355/1641/906
f 1342/1637/907 1357/1642/908 1358/1643/909
f 1340/1633/910 1355/1641/906 1356/1644/911
f 1338/1632/912 1353/1639/904 1337/1631/913
f 1344/1613/903 1354/1645/914 1338/1632/912
f 1343/1636/901 1358/1643/909 1359/1646/915
f 1341/1635/916 1356/1644/911 1357/1642/908
f 1337/1631/913 1355/1641/906 1339/1634/917
f 1368/1647/918 1370/1648/919 1362/1649/920
f 1359/1650/915 1368/1647/918 1360/1612/902
f 1358/1643/909 1365/1651/921 1366/1652/922
f 1356/1644/911 1363/1640/905 1364/1653/923
f 1354/1645/914 1361/1654/924 1353/1639/904
f 1360/1612/902 1362/1649/920 1354/1645/914
f 1359/1646/915 1366/1652/922 1367/1655/925
f 1357/1642/908 1364/1653/923 1365/1651/921
f 1372/1656/926 1379/1657/927 1380/1658/928
f 1367/1655/925 1374/1659/929 1375/1660/930
f 1365/1651/921 1372/1656/926 1373/1661/931
f 1361/1654/924 1371/1662/932 1363/1640/905
f 1367/1663/925 1376/1664/933 1368/1647/918
f 1366/1652/922 1373/1661/931 1374/1659/929
f 1364/1653/923 1371/1662/932 1372/1656/926
f 1362/1649/920 1369/1665/934 1361/1654/924
f 1383/1666/935 1392/1667/936 1384/1668/937
f 1370/1648/919 1377/1669/938 1369/1665/934
f 1376/1664/933 1378/1670/939 1370/1648/919
f 1375/1660/930 1382/1671/940 1383/1672/935
f 1373/1661/931 1380/1658/928 1381/1673/941
f 1369/1665/934 1379/1657/927 1371/1662/932
f 1375/1674/930 1384/1668/937 1376/1664/933
f 1374/1659/929 1381/1673/941 1382/1671/940
f 1392/1675/728 1399/1467/728 1400/1469/728
f 1382/1671/940 1389/1676/841 1390/1677/942
f 1380/1658/928 1387/1678/943 1388/1679/944
f 1378/1670/939 1385/1680/945 1377/1669/938
f 1384/1668/937 1386/1681/844 1378/1670/939
f 1383/1672/935 1390/1677/942 1391/1682/946
f 1381/1673/941 1388/1679/944 1389/1676/841
f 1377/1669/938 1387/1678/943 1379/1657/927
f 1389/1683/728 1398/1482/728 1390/1684/728
f 1388/1685/728 1395/1483/728 1396/1484/728
f 1386/1686/728 1393/1288/728 1385/1687/728
f 1386/1686/728 1400/1469/728 1394/1286/728
f 1390/1684/728 1399/1486/728 1391/1688/728
f 1389/1683/728 1396/1484/728 1397/1481/728
f 1385/1687/728 1395/1483/728 1387/1689/728
f 1505/1690/947 1429/1691/948 1497/1692/949
f 1474/1693/950 1434/1694/951 1436/1695/952
f 1409/1696/953 1514/1697/954 1457/1698/955
f 1462/1699/956 1435/1700/957 1433/1701/958
f 1579/1702/959 1412/1703/960 1563/1704/961
f 1498/1705/962 1765/1706/740 1764/1707/963
f 1410/1708/964 1481/1709/965 1413/1710/966
f 1584/1711/967 1414/1712/968 1526/1713/969
f 1425/1714/970 1530/1715/971 1531/1716/972
f 1422/1717/973 1411/1718/974 1412/1703/960
f 1539/1719/975 1418/1720/976 1409/1696/953
f 1549/1721/977 1531/1716/972 1560/1722/978
f 1563/1723/730 1769/1724/730 1768/1725/730
f 1412/1726/730 1771/1727/730 1769/1724/730
f 1774/1728/730 1409/1729/730 1775/1730/730
f 1777/1731/730 1448/1732/730 1795/1733/730
f 1493/1734/979 1432/1735/980 1501/1736/981
f 1501/1736/981 1431/1737/982 1505/1690/947
f 1502/1738/983 1781/1739/984 1780/1740/985
f 1526/1713/969 1477/1741/986 1806/1742/987
f 1470/1743/988 1436/1695/952 1435/1700/957
f 1486/1744/989 1787/1745/990 1786/1746/991
f 1437/1747/992 1543/1748/993 1542/1749/994
f 1439/1750/995 1545/1751/996 1543/1748/993
f 1440/1752/997 1547/1753/998 1545/1751/996
f 1441/1754/999 1439/1750/995 1437/1747/992
f 1443/1755/1000 1440/1752/997 1439/1750/995
f 1444/1756/1001 1438/1757/1002 1440/1752/997
f 1566/1758/1003 1435/1700/957 1567/1759/1004
f 1567/1759/1004 1436/1695/952 1569/1760/1005
f 1569/1760/1005 1434/1694/951 1571/1761/1006
f 1421/1762/1007 1575/1763/1008 1574/1764/1009
f 1423/1765/1010 1577/1766/1011 1575/1763/1008
f 1424/1767/1012 1579/1768/959 1577/1766/1011
f 1425/1714/970 1423/1765/1010 1421/1762/1007
f 1427/1769/1013 1424/1767/1012 1423/1765/1010
f 1428/1770/1014 1422/1771/973 1424/1767/1012
f 1550/1772/1015 1419/1773/1016 1551/1774/1017
f 1551/1774/1017 1420/1775/1018 1553/1776/1019
f 1553/1776/1019 1418/1777/976 1555/1778/1020
f 1510/1779/1021 1527/1780/1022 1819/1781/1023
f 1510/1779/1021 1419/1773/1016 1417/1782/1024
f 1506/1783/1025 1764/1784/963 1781/1739/984
f 1478/1785/1026 1786/1746/991 1783/1786/1027
f 1477/1741/986 1416/1787/1028 1485/1788/1029
f 1787/1745/990 1482/1789/1030 1789/1790/1031
f 1489/1791/1032 1413/1792/966 1481/1793/965
f 1494/1794/1033 1780/1740/985 1609/1795/1034
f 1485/1788/1029 1415/1796/1035 1489/1791/1032
f 1522/1797/1036 1418/1777/976 1420/1775/1018
f 1518/1798/1037 1420/1775/1018 1419/1773/1016
f 1792/1799/728 1465/1800/1038 1790/1801/1039
f 1518/1798/1037 1512/1802/1040 1520/1803/1041
f 1520/1803/1041 1511/1804/1042 1519/1805/1043
f 1511/1804/1042 1517/1806/1044 1519/1805/1043
f 1501/1736/981 1495/1807/1045 1493/1734/979
f 1495/1807/1045 1504/1808/1046 1496/1809/1047
f 1496/1809/1047 1502/1810/983 1494/1794/1033
f 1522/1797/1036 1520/1803/1041 1524/1811/1048
f 1524/1811/1048 1519/1805/1043 1523/1812/1049
f 1519/1805/1043 1521/1813/1050 1523/1812/1049
f 1505/1690/947 1503/1814/1051 1501/1736/981
f 1503/1814/1051 1508/1815/1052 1504/1808/1046
f 1504/1808/1046 1506/1816/1025 1502/1810/983
f 1514/1817/954 1524/1811/1048 1516/1818/1053
f 1516/1818/1053 1523/1812/1049 1515/1819/1054
f 1515/1819/1054 1521/1813/1050 1513/1820/1055
f 1497/1692/949 1507/1821/1056 1505/1690/947
f 1507/1821/1056 1500/1822/1057 1508/1815/1052
f 1508/1815/1052 1498/1823/962 1506/1816/1025
f 1470/1743/988 1464/1824/1058 1472/1825/1059
f 1464/1824/1058 1471/1826/1060 1472/1825/1059
f 1463/1827/1061 1469/1828/1062 1471/1826/1060
f 1485/1788/1029 1479/1829/1063 1477/1741/986
f 1487/1830/1064 1480/1831/1065 1479/1829/1063
f 1480/1831/1065 1486/1832/989 1478/1785/1026
f 1474/1693/950 1472/1825/1059 1476/1833/1066
f 1472/1825/1059 1475/1834/1067 1476/1833/1066
f 1471/1826/1060 1473/1835/1068 1475/1834/1067
f 1489/1791/1032 1487/1830/1064 1485/1788/1029
f 1491/1836/1069 1488/1837/1070 1487/1830/1064
f 1488/1837/1070 1490/1838/1071 1486/1832/989
f 1466/1839/1072 1476/1833/1066 1468/1840/1073
f 1476/1833/1066 1467/1841/1074 1468/1840/1073
f 1475/1834/1067 1465/1842/1038 1467/1841/1074
f 1481/1793/965 1491/1836/1069 1489/1791/1032
f 1483/1843/1075 1492/1844/1076 1491/1836/1069
f 1484/1845/1077 1490/1838/1071 1492/1844/1076
f 1446/1846/1078 1467/1847/1074 1465/1800/1038
f 1448/1848/1079 1468/1849/1073 1467/1847/1074
f 1447/1850/1080 1466/1851/1072 1468/1849/1073
f 1450/1852/1081 1483/1853/1075 1481/1709/965
f 1452/1854/1082 1484/1855/1077 1483/1853/1075
f 1451/1856/1083 1482/1857/1030 1484/1855/1077
f 1453/1858/1084 1500/1859/1057 1455/1860/1085
f 1455/1860/1085 1499/1861/1086 1456/1862/1087
f 1456/1862/1087 1497/1863/949 1454/1864/1088
f 1457/1698/955 1516/1865/1053 1459/1866/1089
f 1459/1866/1089 1515/1867/1054 1460/1868/1090
f 1460/1868/1090 1513/1869/1055 1458/1870/1091
f 1795/1733/730 1446/1871/730 1792/1872/730
f 1542/1749/994 1532/1873/1092 1437/1747/992
f 1591/1874/1093 1710/1875/1094 1712/1876/1095
f 1532/1873/1092 1441/1754/999 1437/1747/992
f 1530/1715/1096 1535/1877/1097 1531/1716/1098
f 1566/1758/1003 1525/1878/1099 1433/1701/958
f 1715/1879/1100 1722/1880/1101 1718/1881/1102
f 1531/1882/1103 1536/1883/1103 1532/1884/1103
f 1529/1885/1104 1534/1886/1105 1530/1887/1105
f 1532/1873/1106 1533/1888/1107 1529/1889/1107
f 1587/1890/1108 1698/1891/1109 1700/1892/1110
f 1706/1893/1111 1713/1894/1112 1709/1895/1113
f 1528/1896/1114 1541/1897/1115 1430/1898/1116
f 1541/1897/1115 1558/1899/1117 1542/1749/994
f 1428/1770/1014 1556/1900/1118 1426/1901/1119
f 1554/1902/1120 1555/1778/1020 1556/1900/1118
f 1427/1769/1013 1554/1902/1120 1428/1770/1014
f 1552/1903/1121 1553/1776/1019 1554/1902/1120
f 1425/1714/970 1552/1903/1121 1427/1769/1013
f 1549/1721/977 1551/1774/1017 1552/1903/1121
f 1546/1904/1122 1429/1691/948 1431/1737/982
f 1545/1751/996 1548/1905/1123 1546/1904/1122
f 1544/1906/1124 1431/1737/982 1432/1735/980
f 1543/1748/993 1546/1904/1122 1544/1906/1124
f 1541/1897/1115 1432/1735/980 1430/1898/1116
f 1542/1749/994 1544/1906/1124 1541/1897/1115
f 1771/1727/730 1540/1907/730 1797/1908/730
f 1797/1908/730 1539/1909/730 1774/1728/730
f 1417/1782/1024 1559/1910/1125 1527/1780/1022
f 1550/1772/1015 1560/1722/978 1559/1910/1125
f 1411/1718/974 1556/1911/1118 1540/1912/975
f 1540/1912/975 1555/1913/1020 1539/1719/975
f 1691/1914/1126 1697/1915/1127 1694/1916/1128
f 1529/1889/1129 1565/1917/1130 1441/1754/999
f 1581/1918/1131 1566/1758/1003 1565/1917/1130
f 1578/1919/1132 1413/1792/966 1415/1796/1035
f 1577/1766/1011 1580/1920/1133 1578/1919/1132
f 1576/1921/1134 1415/1796/1035 1416/1787/1028
f 1575/1763/1008 1578/1919/1132 1576/1921/1134
f 1573/1922/1135 1416/1787/1028 1414/1712/968
f 1574/1764/1009 1576/1921/1134 1573/1922/1135
f 1444/1756/1001 1572/1923/1136 1442/1924/1137
f 1570/1925/1138 1571/1761/1006 1572/1923/1136
f 1443/1755/1000 1570/1925/1138 1444/1756/1001
f 1568/1926/1139 1569/1760/1005 1570/1925/1138
f 1441/1754/999 1568/1926/1139 1443/1755/1000
f 1565/1917/1130 1567/1759/1004 1568/1926/1139
f 1410/1927/730 1799/1928/730 1793/1929/730
f 1564/1930/730 1768/1725/730 1799/1928/730
f 1530/1715/971 1574/1764/1009 1583/1931/1140
f 1583/1931/1140 1573/1922/1135 1584/1711/967
f 1413/1710/966 1564/1932/961 1410/1708/964
f 1580/1933/1133 1563/1704/961 1564/1932/961
f 1560/1934/978 1585/1935/1141 1558/1936/1117
f 1560/1934/978 1587/1937/1142 1586/1938/1143
f 1532/1884/1092 1587/1937/1142 1531/1882/972
f 1558/1936/1117 1588/1939/1144 1532/1884/1092
f 1582/1940/1145 1590/1941/1146 1589/1942/1147
f 1526/1943/969 1590/1941/1146 1584/1944/967
f 1526/1943/969 1592/1945/1148 1591/1946/1149
f 1582/1940/1145 1592/1945/1148 1525/1947/1099
f 1527/1948/1022 1593/1949/1150 1528/1950/1114
f 1527/1948/1022 1595/1951/1151 1594/1952/1152
f 1557/1953/1153 1595/1951/1151 1559/1954/1125
f 1557/1953/1153 1593/1949/1150 1596/1955/1154
f 1559/1954/1125 1597/1956/1155 1557/1953/1153
f 1559/1954/1125 1599/1957/1156 1598/1958/1157
f 1558/1936/1117 1599/1957/1156 1560/1934/978
f 1558/1936/1117 1597/1956/1155 1600/1959/1158
f 1529/1885/1129 1602/1960/1159 1601/1961/1160
f 1583/1962/1140 1602/1960/1159 1530/1887/971
f 1583/1962/1140 1604/1963/1161 1603/1964/1162
f 1581/1965/1131 1601/1961/1160 1604/1963/1161
f 1581/1965/1131 1606/1966/1163 1605/1967/1164
f 1584/1944/967 1606/1966/1163 1583/1962/1140
f 1584/1944/967 1608/1968/1165 1607/1969/1166
f 1581/1965/1131 1608/1968/1165 1582/1940/1145
f 1585/1970/1167 1698/1891/1109 1588/1971/1168
f 1592/1972/1169 1707/1973/1170 1710/1875/1094
f 1593/1974/1171 1721/1975/1172 1596/1976/1173
f 1598/1977/1174 1736/1978/1175 1727/1979/1176
f 1604/1980/1177 1740/1981/1178 1745/1982/1179
f 1607/1983/1180 1751/1984/1181 1606/1985/1182
f 1728/1986/1183 1734/1987/1184 1730/1988/1185
f 1586/1989/1186 1695/1990/1187 1585/1970/1167
f 1595/1991/1188 1721/1975/1172 1724/1992/1189
f 1739/1993/1190 1749/1994/1191 1746/1995/1192
f 1590/1996/1193 1707/1973/1170 1589/1997/1194
f 1599/1998/1195 1733/1999/1196 1736/1978/1175
f 1754/2000/1197 1760/2001/1198 1757/2002/1199
f 1591/1874/1093 1704/2003/1200 1590/1996/1193
f 1594/2004/1201 1719/2005/1202 1593/1974/1171
f 1603/2006/1203 1742/2007/1204 1602/2008/1205
f 1594/2004/1201 1724/1992/1189 1716/2009/1206
f 1597/2010/1207 1733/1999/1196 1600/2011/1208
f 1607/1983/1180 1758/2012/1209 1761/2013/1210
f 1598/1977/1174 1731/2014/1211 1597/2010/1207
f 1603/2006/1203 1745/1982/1179 1748/2015/1212
f 1602/2008/1205 1740/1981/1178 1601/2016/1213
f 1608/2017/1214 1755/2018/1215 1758/2012/1209
f 1606/1985/1182 1755/2018/1215 1605/2019/1216
f 1816/2020/1217 1494/1794/1033 1609/1795/1034
f 1527/1780/1022 1820/2021/1218 1819/1781/1023
f 1614/2022/1219 1621/2023/740 1613/2024/740
f 1612/2025/1220 1619/2026/738 1611/2027/738
f 1611/2028/738 1626/2029/1221 1618/2030/1221
f 1617/2031/728 1624/2032/1222 1616/2033/1222
f 1615/2034/799 1622/2035/1219 1614/2022/1219
f 1613/2024/740 1620/2036/1220 1612/2025/1220
f 1618/2030/1221 1625/2037/728 1617/2031/728
f 1616/2033/1222 1623/2038/799 1615/2034/799
f 1668/2039/1223 1638/2040/1224 1662/2041/1225
f 1620/2042/730 1628/2043/730 1627/2044/730
f 1622/2045/730 1628/2043/730 1621/2046/730
f 1622/2045/730 1630/2047/730 1629/2048/730
f 1623/2049/730 1631/2050/730 1630/2047/730
f 1625/2051/730 1631/2050/730 1624/2052/730
f 1626/2053/730 1632/2054/730 1625/2051/730
f 1626/2053/730 1634/2055/730 1633/2056/730
f 1620/2042/730 1634/2055/730 1619/2057/730
f 1674/2058/1226 1641/2059/1227 1640/2060/1228
f 1680/2061/1229 1642/2062/1230 1641/2059/1227
f 1631/2063/1231 1667/2064/1232 1630/2065/1233
f 1686/2066/1234 1637/2067/1235 1642/2062/1230
f 1668/2039/1223 1640/2060/1228 1639/2068/1236
f 1649/2069/1237 1637/2070/1235 1655/2071/1238
f 1662/2041/1225 1635/2072/1239 1644/2073/1240
f 1628/2074/1241 1661/2075/1242 1643/2076/1243
f 1627/2077/1244 1643/2076/1243 1650/2078/1245
f 1634/2079/1246 1685/2080/1247 1633/2081/1248
f 1632/2082/1249 1673/2083/1250 1631/2063/1231
f 1629/2084/1251 1667/2064/1232 1661/2075/1242
f 1634/2085/1246 1650/2078/1245 1656/2086/1252
f 1633/2081/1248 1679/2087/1253 1632/2082/1249
f 1649/2069/1237 1648/2088/1254 1644/2073/1240
f 1651/2089/1255 1647/2090/1256 1648/2088/1254
f 1647/2090/1256 1653/2091/1257 1646/2092/1258
f 1646/2092/1258 1654/2093/1259 1645/2094/1260
f 1645/2094/1260 1650/2078/1245 1643/2076/1243
f 1655/2071/1238 1651/2089/1255 1649/2069/1237
f 1651/2089/1255 1658/2095/1261 1652/2096/1262
f 1652/2096/1262 1659/2097/1263 1653/2091/1257
f 1653/2091/1257 1660/2098/1264 1654/2093/1259
f 1654/2093/1259 1656/2086/1252 1650/2078/1245
f 1644/2073/1240 1666/2099/1265 1662/2041/1225
f 1648/2088/1254 1665/2100/1266 1666/2099/1265
f 1665/2100/1266 1646/2092/1258 1664/2101/1267
f 1664/2101/1267 1645/2094/1260 1663/2102/1268
f 1663/2102/1268 1643/2076/1243 1661/2075/1242
f 1662/2041/1225 1672/2103/1269 1668/2039/1223
f 1666/2099/1265 1671/2104/1270 1672/2103/1269
f 1671/2104/1270 1664/2101/1267 1670/2105/1271
f 1670/2105/1271 1663/2102/1268 1669/2106/1272
f 1669/2106/1272 1661/2075/1242 1667/2064/1232
f 1674/2058/1226 1672/2103/1269 1678/2107/1273
f 1672/2103/1269 1677/2108/1274 1678/2107/1273
f 1671/2104/1270 1676/2109/1275 1677/2108/1274
f 1670/2105/1271 1675/2110/1276 1676/2109/1275
f 1669/2106/1272 1673/2083/1250 1675/2110/1276
f 1680/2061/1229 1678/2107/1273 1684/2111/1277
f 1684/2111/1277 1677/2108/1274 1683/2112/1278
f 1677/2108/1274 1682/2113/1279 1683/2112/1278
f 1676/2109/1275 1681/2114/1280 1682/2113/1279
f 1675/2110/1276 1679/2087/1253 1681/2114/1280
f 1686/2066/1234 1684/2111/1277 1690/2115/1281
f 1690/2115/1281 1683/2112/1278 1689/2116/1282
f 1683/2112/1278 1688/2117/1283 1689/2116/1282
f 1682/2113/1279 1687/2118/1284 1688/2117/1283
f 1681/2114/1280 1685/2080/1247 1687/2118/1284
f 1655/2119/1238 1690/2115/1281 1657/2120/1285
f 1657/2120/1285 1689/2116/1282 1658/2121/1261
f 1689/2116/1282 1659/2122/1263 1658/2121/1261
f 1688/2117/1283 1660/2123/1264 1659/2122/1263
f 1687/2118/1284 1656/2124/1252 1660/2123/1264
f 1644/2073/1240 1636/2125/1286 1649/2069/1237
f 1006/1270/737 1207/1267/737 1208/1268/737
f 1802/2126/1287 1478/1785/1026 1783/1786/1027
f 1804/2127/1288 1480/1831/1065 1802/2126/1287
f 1806/1742/987 1479/1829/1063 1804/2127/1288
f 1709/1895/1113 1708/2128/1289 1706/1893/1111
f 1711/2129/1290 1707/1973/1170 1708/2128/1289
f 1718/1881/1102 1717/2130/1291 1715/1879/1100
f 1720/2131/1292 1716/2009/1206 1717/2130/1291
f 1697/1915/1127 1696/2132/1293 1694/1916/1128
f 1699/2133/1294 1695/1990/1187 1696/2132/1293
f 1706/1893/1111 1705/2134/1295 1703/2135/1296
f 1708/2128/1289 1704/2003/1200 1705/2134/1295
f 1694/1916/1128 1693/2136/1297 1691/1914/1126
f 1696/2132/1293 1692/2137/1298 1693/2136/1297
f 1757/2002/1199 1762/2138/1299 1759/2139/1300
f 1759/2139/1300 1761/2013/1210 1758/2012/1209
f 1692/2137/1298 1702/2140/1301 1693/2136/1297
f 1693/2136/1297 1701/2141/1302 1691/1914/1126
f 1700/1892/1110 1699/2133/1294 1702/2140/1301
f 1702/2140/1301 1697/1915/1127 1701/2141/1302
f 1712/1876/1095 1705/2134/1295 1704/2003/1200
f 1714/2142/1303 1703/2135/1296 1705/2134/1295
f 1712/1876/1095 1711/2129/1290 1714/2142/1303
f 1714/2142/1303 1709/1895/1113 1713/1894/1112
f 1716/2009/1206 1726/2143/1304 1717/2130/1291
f 1717/2130/1291 1725/2144/1305 1715/1879/1100
f 1724/1992/1189 1723/2145/1306 1726/2143/1304
f 1726/2143/1304 1722/1880/1101 1725/2144/1305
f 1721/1975/1172 1720/2131/1292 1723/2145/1306
f 1723/2145/1306 1718/1881/1102 1722/1880/1101
f 1727/1979/1176 1732/2146/1307 1731/2014/1211
f 1729/2147/1308 1730/1988/1185 1732/2146/1307
f 1727/1979/1176 1738/2148/1309 1729/2147/1308
f 1729/2147/1308 1737/2149/1310 1728/1986/1183
f 1736/1978/1175 1735/2150/1311 1738/2148/1309
f 1738/2148/1309 1734/1987/1184 1737/2149/1310
f 1733/1999/1196 1732/2146/1307 1735/2150/1311
f 1735/2150/1311 1730/1988/1185 1734/1987/1184
f 1742/2007/1204 1741/2151/1312 1740/1981/1178
f 1744/2152/1313 1739/1993/1190 1741/2151/1312
f 1748/2015/1212 1744/2152/1313 1742/2007/1204
f 1750/2153/1314 1743/2154/1315 1744/2152/1313
f 1748/2015/1212 1747/2155/1316 1750/2153/1314
f 1750/2153/1314 1746/1995/1192 1749/1994/1191
f 1745/1982/1179 1741/2151/1312 1747/2155/1316
f 1747/2155/1316 1739/1993/1190 1746/1995/1192
f 1751/1984/1181 1756/2156/1317 1755/2018/1215
f 1753/2157/1318 1754/2000/1197 1756/2156/1317
f 1761/2013/1210 1753/2157/1318 1751/1984/1181
f 1762/2138/1299 1752/2158/1319 1753/2157/1318
f 1758/2012/1209 1756/2156/1317 1759/2139/1300
f 1756/2156/1317 1757/2002/1199 1759/2139/1300
f 1586/1989/1186 1700/1892/1110 1692/2137/1298
f 1807/2159/730 1447/2160/730 1777/1731/730
f 1807/2159/730 1405/2161/730 1445/2162/730
f 1453/2163/1320 1809/2164/730 1765/2165/730
f 1812/2166/730 1460/2167/730 1810/2168/730
f 1814/2169/730 1459/2170/730 1812/2166/730
f 1813/2171/730 1406/2172/730 1776/2173/730
f 1457/2174/730 1775/1730/730 1409/1729/730
f 1814/2169/730 1776/2173/730 1775/1730/730
f 1456/2175/730 1813/2171/730 1811/2176/730
f 1813/2171/730 1812/2166/730 1811/2176/730
f 1455/2177/730 1811/2176/730 1809/2164/730
f 1811/2176/730 1810/2168/730 1809/2164/730
f 1458/2178/1321 1810/2168/730 1460/2167/730
f 1765/2165/730 1810/2168/730 1766/2179/730
f 1450/2180/730 1793/1929/730 1808/2181/730
f 1808/2181/730 1794/2182/730 1807/2159/730
f 1452/2183/730 1808/2181/730 1778/2184/730
f 1778/2184/730 1807/2159/730 1777/1731/730
f 1464/1824/1058 1805/2185/1322 1803/2186/1323
f 1805/2185/1322 1804/2127/1288 1803/2186/1323
f 1463/1827/1061 1803/2186/1323 1801/2187/1324
f 1801/2187/1324 1804/2127/1288 1802/2126/1287
f 1461/2188/1325 1801/2187/1324 1784/2189/1326
f 1784/2189/1326 1802/2126/1287 1783/1786/1027
f 1561/2190/730 1767/2191/730 1562/2192/730
f 1799/1928/730 1767/2191/730 1800/2193/730
f 1794/2182/730 1561/2190/730 1405/2161/730
f 1793/1929/730 1800/2193/730 1794/2182/730
f 1798/2194/730 1538/2195/730 1537/2196/730
f 1798/2194/730 1774/1728/730 1773/2197/730
f 1772/2198/730 1537/2196/730 1408/2199/730
f 1772/2198/730 1797/1908/730 1798/2194/730
f 1449/2200/1320 1796/2201/730 1791/2202/730
f 1796/2201/730 1792/1872/730 1791/2202/730
f 1449/2203/1327 1789/2204/1031 1482/1857/1030
f 1791/2205/728 1790/1801/1039 1789/2204/1031
f 1473/2206/1068 1790/2207/1039 1465/2208/1038
f 1788/2209/1328 1789/1790/1031 1790/2207/1039
f 1461/2188/1325 1785/2210/1329 1469/2211/1062
f 1784/2189/1326 1786/1746/991 1785/2210/1329
f 1782/2212/1330 1513/2213/1055 1521/2214/1050
f 1781/1739/984 1763/2215/1331 1782/2212/1330
f 1469/2211/1062 1788/2209/1328 1473/2206/1068
f 1785/2210/1329 1787/1745/990 1788/2209/1328
f 1517/2216/1044 1782/2212/1330 1521/2214/1050
f 1779/2217/1332 1781/1739/984 1782/2212/1330
f 1778/2184/730 1451/2218/730 1452/2183/730
f 1777/1731/730 1796/2201/730 1778/2184/730
f 1538/2195/730 1776/2173/730 1406/2172/730
f 1773/2197/730 1775/1730/730 1776/2173/730
f 1770/2219/730 1408/2199/730 1407/2220/730
f 1769/1724/730 1772/2198/730 1770/2219/730
f 1562/2192/730 1770/2219/730 1407/2220/730
f 1768/1725/730 1770/2219/730 1767/2191/730
f 1763/2221/1331 1458/1870/1091 1513/1869/1055
f 1764/1707/963 1766/2222/740 1763/2221/1331
f 1433/1701/958 1805/2185/1322 1462/1699/956
f 1525/1878/1099 1806/1742/987 1805/2185/1322
f 1610/2223/1333 1780/1740/985 1779/2217/1332
f 1509/2224/1334 1779/2217/1332 1517/2216/1044
f 1815/2225/1335 1609/1795/1034 1610/2223/1333
f 1509/2224/1334 1815/2225/1335 1610/2223/1333
f 1818/2226/1336 1496/1809/1047 1816/2020/1217
f 1817/2227/1337 1816/2020/1217 1815/2225/1335
f 1511/1804/1042 1817/2227/1337 1815/2225/1335
f 1820/2021/1218 1495/1807/1045 1818/2226/1336
f 1819/1781/1023 1818/2226/1336 1817/2227/1337
f 1512/1802/1040 1819/1781/1023 1817/2227/1337
f 1528/1896/1114 1493/1734/979 1820/2021/1218
f 1307/2228/890 1311/2229/881 1315/2230/886
f 1287/1600/896 1303/2231/892 1307/2228/890
f 1284/2232/1338 1307/2228/890 1279/2233/894
f 1085/2234/773 1097/2235/764 1093/2236/769
f 1101/1383/777 1085/2234/773 1105/1381/785
f 1105/1381/785 1082/2237/791 1077/2238/788
f 1052/1241/721 1059/2239/722 1004/1242/722
f 1058/1244/723 1056/1348/724 1118/1245/724
f 1055/1247/725 1050/1326/747 1076/1248/726
f 1043/1250/728 1048/1306/728 1033/1251/728
f 1086/1253/729 1066/1256/732 1002/1254/730
f 1066/1256/732 1086/1253/729 1094/1257/733
f 1061/1259/735 1106/1344/757 1078/1260/736
f 1007/1262/737 1008/1269/737 1210/1263/737
f 1005/1265/738 1010/2240/738 1212/1266/738
f 1208/1268/738 1210/1263/738 1008/1269/738
f 1011/1273/730 1009/2241/730 1211/2242/730
f 1213/1271/730 1212/2243/730 1010/1272/730
f 1011/1273/730 1211/2242/730 1213/1271/730
f 1214/1274/730 1012/1281/730 1013/1275/730
f 1217/1277/730 1015/1282/730 1014/1278/730
f 1219/1280/738 1017/2244/738 1012/1281/738
f 1217/1277/738 1215/1276/738 1013/1275/738
f 1018/1285/737 1017/2245/737 1219/2246/737
f 1220/1283/737 1218/2247/737 1016/1284/737
f 1018/1285/737 1219/2246/737 1220/1283/737
f 1394/1286/730 1192/1485/730 1191/1287/739
f 1036/1289/740 1034/1302/740 1022/1290/740
f 1041/1292/738 1027/1312/738 1023/1293/738
f 1040/1295/740 1028/2248/740 1025/1296/740
f 1027/1298/730 1026/2249/730 1019/1299/730
f 1044/1301/741 1032/1308/742 1022/1290/742
f 1029/1303/730 1033/1304/730 1023/1300/730
f 1033/1304/730 1031/1307/730 1021/1305/730
f 1048/1306/728 1045/2250/728 1031/1307/728
f 1032/1308/728 1044/1301/728 1047/1309/728
f 1044/1301/728 1045/2250/728 1048/1306/728
f 1031/1307/743 1045/2250/744 1035/1311/744
f 1035/1311/744 1045/2250/744 1044/1301/741
f 1027/1312/740 1041/1292/740 1039/1313/740
f 1041/1292/740 1040/1295/740 1038/1297/740
f 1024/1291/738 1028/2248/738 1040/1295/738
f 1036/1289/738 1040/1295/738 1041/1292/738
f 1021/1305/740 1035/1311/740 1037/1294/740
f 1035/1311/740 1034/1302/740 1036/1289/740
f 1028/1315/737 1024/1322/737 1020/1316/737
f 1047/1309/728 1048/1306/728 1043/1250/728
f 1046/1310/728 1047/1309/728 1042/1318/728
f 1020/1316/737 1024/1322/737 1046/1320/737
f 1032/1308/737 1046/1320/737 1024/1322/737
f 1049/1323/745 1053/1387/746 1071/1324/746
f 1050/1326/747 1051/1328/749 1075/1327/748
f 1051/1328/749 1049/1323/745 1074/1325/745
f 1073/1243/738 1120/1393/738 1119/1329/738
f 1004/1331/738 1069/1384/738 1125/1332/738
f 1003/1249/738 1076/1248/738 1200/1334/738
f 1071/1324/738 1199/1394/738 1202/1336/738
f 1068/1258/734 1094/1257/733 1098/1337/750
f 1110/1339/752 1064/1350/762 1062/1340/753
f 1102/1341/754 1062/1340/753 1065/1342/755
f 1106/1344/757 1061/1259/735 1063/1345/758
f 1117/1347/760 1118/1245/724 1056/1348/724
f 1114/1346/759 1063/1345/758 1064/1350/762
f 1067/1338/751 1098/1337/750 1090/1343/756
f 1091/1351/763 1099/1355/767 1097/1352/764
f 1092/1354/766 1100/1356/768 1099/1355/767
f 1090/1343/756 1098/1337/750 1100/1356/768
f 1099/1355/767 1095/1358/770 1093/1357/769
f 1100/1356/768 1096/1359/771 1095/1358/770
f 1098/1337/750 1094/1257/733 1096/1359/771
f 1093/1357/769 1095/1358/770 1087/1360/772
f 1095/1358/770 1096/1359/771 1088/1362/774
f 1096/1359/771 1094/1257/733 1086/1253/729
f 1109/1363/775 1111/1366/778 1103/1364/776
f 1111/1366/778 1112/1368/780 1104/1367/779
f 1112/1368/780 1110/1339/752 1102/1341/754
f 1113/1369/781 1115/1371/783 1111/1366/778
f 1116/1370/782 1112/1368/780 1111/1366/778
f 1116/1370/782 1114/1346/759 1110/1339/752
f 1107/1372/784 1115/1371/783 1113/1369/781
f 1108/1374/786 1116/1370/782 1115/1371/783
f 1106/1344/757 1114/1346/759 1116/1370/782
f 1103/1364/776 1091/1351/763 1089/1353/765
f 1104/1367/779 1092/1354/766 1091/1351/763
f 1102/1341/754 1090/1343/756 1092/1354/766
f 1079/1375/787 1107/1372/784 1105/1373/785
f 1080/1377/789 1108/1374/786 1107/1372/784
f 1078/1260/736 1106/1344/757 1108/1374/786
f 1085/1361/773 1087/1360/772 1084/1378/790
f 1087/1360/772 1088/1362/774 1083/1380/792
f 1088/1362/774 1086/1253/729 1081/1255/731
f 1105/1381/785 1113/2251/781 1109/1382/775
f 1003/1249/727 1117/1347/760 1057/1349/761
f 1069/1384/793 1004/1331/722 1059/1385/722
f 1070/1246/723 1069/1384/793 1060/1386/793
f 1072/1330/794 1071/1324/746 1053/1387/746
f 1073/1243/721 1072/1330/794 1054/1388/794
f 1074/1325/738 1202/1336/738 1201/1389/738
f 1076/1248/738 1075/1327/738 1201/1389/738
f 1118/1245/738 1117/1347/738 1123/1390/738
f 1118/1245/738 1124/1391/738 1121/1392/738
f 1003/1249/738 1122/1335/738 1123/1390/738
f 1070/1246/738 1121/1392/738 1125/1332/738
f 1004/1242/738 1126/2252/738 1120/1393/738
f 1071/1324/738 1072/1330/738 1119/1329/738
f 1158/1395/795 1157/1432/819 1141/1396/796
f 1147/1398/737 1146/1409/798 1130/1399/798
f 1145/1401/799 1143/1410/800 1128/1402/800
f 1150/1404/801 1149/2253/738 1133/1405/738
f 1148/1407/802 1147/1398/737 1131/1400/737
f 1146/1409/798 1145/1401/799 1129/1403/799
f 1143/1410/800 1144/1412/730 1127/1411/730
f 1144/1412/730 1150/1404/801 1134/1406/801
f 1149/1413/738 1148/1407/802 1132/1408/802
f 1144/1412/728 1143/1410/728 1135/1415/728
f 1135/1415/728 1143/1410/728 1145/1401/728
f 1145/1401/728 1146/1409/728 1138/1418/728
f 1138/1418/728 1146/1409/728 1147/1398/728
f 1139/1419/728 1147/1398/728 1148/1407/728
f 1148/1407/728 1149/1413/728 1141/1421/728
f 1141/1396/728 1149/2253/728 1150/1404/728
f 1150/1404/728 1144/1412/728 1136/1416/728
f 1161/1422/803 1159/1434/821 1151/1423/804
f 1140/1420/806 1156/1427/814 1155/1425/807
f 1138/1418/809 1154/1428/815 1153/1424/805
f 1151/1423/804 1152/1426/813 1136/1416/811
f 1152/1426/813 1158/1395/795 1142/1397/797
f 1141/1421/796 1157/1435/819 1156/1427/814
f 1139/1419/808 1155/1425/807 1154/1428/815
f 1153/1424/805 1151/1423/804 1135/1415/812
f 1168/1429/816 1174/1443/829 1166/1430/817
f 1166/1430/817 1165/1444/827 1157/1432/819
f 1156/1427/814 1164/1436/822 1163/1433/820
f 1154/1428/815 1162/1437/823 1161/1422/803
f 1159/1434/821 1160/1431/818 1152/1426/813
f 1160/1431/818 1166/1430/817 1158/1395/795
f 1157/1435/819 1165/1441/827 1164/1436/822
f 1155/1425/807 1163/1433/820 1162/1437/823
f 1170/1438/824 1178/1454/839 1177/1439/825
f 1165/1441/827 1173/1452/837 1172/1442/828
f 1163/1433/820 1171/1445/830 1170/1438/824
f 1169/1440/826 1167/1446/831 1159/1434/821
f 1174/1443/829 1173/1455/837 1165/1444/827
f 1164/1436/822 1172/1442/828 1171/1445/830
f 1162/1437/823 1170/1438/824 1169/1440/826
f 1167/1446/831 1168/1429/816 1160/1431/818
f 1190/1447/832 1189/2254/1339 1181/1448/833
f 1175/1450/835 1176/1451/836 1168/1429/816
f 1176/1451/836 1182/1449/834 1174/1443/829
f 1173/1452/837 1181/1464/833 1180/1453/838
f 1171/1445/830 1179/1456/840 1178/1454/839
f 1177/1439/825 1175/1450/835 1167/1446/831
f 1182/1449/834 1181/1448/833 1173/1455/837
f 1172/1442/828 1180/1453/838 1179/1456/840
f 1190/1457/740 1198/1468/740 1197/1458/740
f 1180/1453/838 1188/1465/845 1187/1460/841
f 1178/1454/839 1186/1466/846 1185/1461/842
f 1183/1462/843 1184/1463/844 1176/1451/836
f 1184/1463/844 1190/1447/832 1182/1449/834
f 1181/1464/833 1189/2255/1339 1188/1465/845
f 1179/1456/840 1187/1460/841 1186/1466/846
f 1185/1461/842 1183/1462/843 1175/1450/835
f 1399/1467/738 1197/1458/738 1198/1468/847
f 1196/1470/740 1195/1487/740 1187/1471/740
f 1186/1473/740 1194/1480/740 1193/1474/740
f 1191/1287/740 1192/1485/740 1184/1476/740
f 1184/1476/740 1192/1485/740 1198/1468/740
f 1197/1478/740 1196/1470/740 1188/1472/740
f 1187/1471/740 1195/1487/740 1194/1480/740
f 1193/1474/740 1191/1287/740 1183/1477/740
f 1397/1481/737 1195/1487/737 1196/1470/848
f 1395/1483/799 1193/1474/799 1194/1480/849
f 1400/1469/847 1198/1468/847 1192/1485/730
f 1398/1482/848 1196/1470/848 1197/1478/738
f 1396/1484/849 1194/1480/849 1195/1487/737
f 1393/1288/739 1191/1287/739 1193/1474/799
f 1206/1488/850 1261/2256/850 1254/1489/722
f 1320/1491/745 1258/1567/745 1260/1492/746
f 1278/1494/852 1252/1548/725 1257/1495/747
f 1245/1497/740 1231/2257/740 1235/1498/740
f 1204/1500/730 1268/1504/732 1288/1501/854
f 1296/1503/856 1288/1501/854 1268/1504/732
f 1280/1506/857 1308/1565/865 1263/1507/735
f 1238/1509/728 1226/1534/728 1224/1510/728
f 1225/1512/738 1229/1532/738 1243/1513/738
f 1227/1515/728 1230/1535/728 1242/1516/728
f 1221/1518/730 1228/2258/730 1229/1519/730
f 1224/1510/742 1234/1528/742 1246/1521/741
f 1225/1520/730 1235/1524/730 1231/1522/730
f 1223/1523/730 1233/1525/730 1235/1524/730
f 1250/1499/740 1235/1498/740 1233/1525/740
f 1249/1527/740 1246/1521/740 1234/1528/740
f 1250/1499/740 1247/1526/740 1246/1521/740
f 1237/1530/744 1247/1526/744 1233/1525/743
f 1237/1530/744 1236/1511/741 1246/1521/741
f 1241/1531/728 1243/1513/728 1229/1532/728
f 1240/1517/728 1242/1516/728 1243/1513/728
f 1226/1534/738 1238/1509/738 1242/1516/738
f 1238/1509/738 1239/1514/738 1243/1513/738
f 1239/1514/728 1237/1530/728 1223/1523/728
f 1238/1509/728 1236/1511/728 1237/1530/728
f 1222/1536/737 1226/1543/737 1230/1537/737
f 1245/1497/740 1250/1499/740 1249/1527/740
f 1244/1539/740 1249/1527/740 1248/1529/740
f 1248/1541/737 1226/1543/737 1222/1536/737
f 1226/1543/737 1248/1541/737 1234/1528/737
f 1273/1544/723 1255/1605/899 1251/1545/858
f 1277/1547/760 1253/1549/859 1252/1548/725
f 1276/1546/724 1251/1545/858 1253/1549/859
f 1321/1550/738 1322/1610/738 1275/1490/738
f 1206/1552/738 1328/2259/738 1327/1553/738
f 1205/1496/738 1324/2260/738 1402/1555/738
f 1276/1546/738 1404/2261/738 1401/1556/738
f 1300/1557/860 1296/1503/856 1270/1505/734
f 1264/1559/753 1266/1570/869 1312/1560/862
f 1267/1562/755 1264/1559/753 1304/1561/863
f 1265/1564/758 1263/1507/735 1308/1565/865
f 1258/1567/745 1320/1491/745 1319/1568/867
f 1266/1570/869 1265/1564/758 1316/1566/866
f 1292/1563/864 1300/1557/860 1269/1558/861
f 1299/1571/870 1301/1574/873 1293/1572/871
f 1301/1574/873 1302/1576/875 1294/1575/874
f 1302/1576/875 1300/1557/860 1292/1563/864
f 1295/1577/876 1297/1578/877 1301/1574/873
f 1297/1578/877 1298/1579/878 1302/1576/875
f 1298/1579/878 1296/1503/856 1300/1557/860
f 1295/1577/876 1287/1597/896 1289/1580/879
f 1297/1578/877 1289/1580/879 1290/1581/880
f 1298/1579/878 1290/1581/880 1288/1501/854
f 1311/1582/881 1303/1593/892 1305/1583/882
f 1313/1584/883 1305/1583/882 1306/1585/884
f 1314/1586/885 1306/1585/884 1304/1561/863
f 1315/1587/886 1311/1582/881 1313/1584/883
f 1313/1584/883 1314/1586/885 1318/1589/888
f 1318/1589/888 1314/1586/885 1312/1560/862
f 1315/1587/886 1317/1588/887 1309/1590/889
f 1317/1588/887 1318/1589/888 1310/1592/891
f 1318/1589/888 1316/1566/866 1308/1565/865
f 1291/1573/872 1293/1572/871 1305/1583/882
f 1305/1583/882 1293/1572/871 1294/1575/874
f 1294/1575/874 1292/1563/864 1304/1561/863
f 1307/1591/890 1309/1590/889 1281/1594/893
f 1309/1590/889 1310/1592/891 1282/1596/895
f 1310/1592/891 1308/1565/865 1280/1506/857
f 1287/1597/896 1284/2262/1338 1286/1598/897
f 1289/1580/879 1286/1598/897 1285/1599/898
f 1290/1581/880 1285/1599/898 1283/1502/855
f 1287/1600/896 1295/2263/876 1299/1601/870
f 1259/1569/868 1319/1568/867 1205/1496/853
f 1261/1603/850 1206/1552/850 1271/1554/794
f 1262/1604/794 1271/1554/794 1272/1493/746
f 1255/1605/899 1273/1544/723 1274/1551/793
f 1256/1606/900 1274/1551/793 1275/1490/851
f 1403/1607/738 1404/2261/738 1276/1546/738
f 1278/1494/738 1402/1555/738 1403/1607/738
f 1320/1491/738 1326/2264/738 1325/1608/738
f 1323/1609/738 1326/2264/738 1320/1491/738
f 1325/1608/738 1324/2260/738 1205/1496/738
f 1327/1553/738 1323/1609/738 1272/1493/738
f 1322/1610/738 1328/2265/738 1206/1488/738
f 1273/1544/738 1401/1556/738 1321/1550/738
f 1343/1611/901 1359/1650/915 1360/1612/902
f 1332/1614/798 1348/1625/798 1349/1615/737
f 1330/1617/800 1345/1627/800 1347/1618/799
f 1335/1620/738 1351/1638/738 1352/1621/801
f 1333/1616/737 1349/1615/737 1350/1623/802
f 1331/1619/799 1347/1618/799 1348/1625/798
f 1329/1626/730 1346/1628/730 1345/1627/800
f 1336/1622/801 1352/1621/801 1346/1628/730
f 1334/1624/802 1350/1623/802 1351/1629/738
f 1337/1631/740 1345/1627/740 1346/1628/740
f 1337/1631/740 1339/1634/740 1347/1618/740
f 1340/1633/740 1348/1625/740 1347/1618/740
f 1340/1633/740 1341/1635/740 1349/1615/740
f 1341/1635/740 1342/1637/740 1350/1623/740
f 1343/1636/740 1351/1629/740 1350/1623/740
f 1343/1611/740 1344/1613/740 1352/1621/740
f 1338/1632/740 1346/1628/740 1352/1621/740
f 1353/1639/904 1361/1654/924 1363/1640/905
f 1342/1637/907 1341/1635/916 1357/1642/908
f 1340/1633/910 1339/1634/917 1355/1641/906
f 1338/1632/912 1354/1645/914 1353/1639/904
f 1344/1613/903 1360/1612/902 1354/1645/914
f 1343/1636/901 1342/1637/907 1358/1643/909
f 1341/1635/916 1340/1633/910 1356/1644/911
f 1337/1631/913 1353/1639/904 1355/1641/906
f 1368/1647/918 1376/1664/933 1370/1648/919
f 1359/1650/915 1367/1663/925 1368/1647/918
f 1358/1643/909 1357/1642/908 1365/1651/921
f 1356/1644/911 1355/1641/906 1363/1640/905
f 1354/1645/914 1362/1649/920 1361/1654/924
f 1360/1612/902 1368/1647/918 1362/1649/920
f 1359/1646/915 1358/1643/909 1366/1652/922
f 1357/1642/908 1356/1644/911 1364/1653/923
f 1372/1656/926 1371/1662/932 1379/1657/927
f 1367/1655/925 1366/1652/922 1374/1659/929
f 1365/1651/921 1364/1653/923 1372/1656/926
f 1361/1654/924 1369/1665/934 1371/1662/932
f 1367/1663/925 1375/1674/930 1376/1664/933
f 1366/1652/922 1365/1651/921 1373/1661/931
f 1364/1653/923 1363/1640/905 1371/1662/932
f 1362/1649/920 1370/1648/919 1369/1665/934
f 1383/1666/935 1391/2266/946 1392/1667/936
f 1370/1648/919 1378/1670/939 1377/1669/938
f 1376/1664/933 1384/1668/937 1378/1670/939
f 1375/1660/930 1374/1659/929 1382/1671/940
f 1373/1661/931 1372/1656/926 1380/1658/928
f 1369/1665/934 1377/1669/938 1379/1657/927
f 1375/1674/930 1383/1666/935 1384/1668/937
f 1374/1659/929 1373/1661/931 1381/1673/941
f 1392/1675/728 1391/2267/728 1399/1467/728
f 1382/1671/940 1381/1673/941 1389/1676/841
f 1380/1658/928 1379/1657/927 1387/1678/943
f 1378/1670/939 1386/1681/844 1385/1680/945
f 1384/1668/937 1392/1667/936 1386/1681/844
f 1383/1672/935 1382/1671/940 1390/1677/942
f 1381/1673/941 1380/1658/928 1388/1679/944
f 1377/1669/938 1385/1680/945 1387/1678/943
f 1389/1683/728 1397/1481/728 1398/1482/728
f 1388/1685/728 1387/1689/728 1395/1483/728
f 1386/1686/728 1394/1286/728 1393/1288/728
f 1386/1686/728 1392/1675/728 1400/1469/728
f 1390/1684/728 1398/1482/728 1399/1486/728
f 1389/1683/728 1388/1685/728 1396/1484/728
f 1385/1687/728 1393/1288/728 1395/1483/728
f 1505/1690/947 1431/1737/982 1429/1691/948
f 1474/1693/950 1466/1839/1072 1434/1694/951
f 1409/1696/953 1418/1720/976 1514/1697/954
f 1462/1699/956 1470/1743/988 1435/1700/957
f 1579/1702/959 1422/1717/973 1412/1703/960
f 1498/1705/962 1453/1858/1084 1765/1706/740
f 1410/1708/964 1450/1852/1081 1481/1709/965
f 1584/1711/967 1573/1922/1135 1414/1712/968
f 1425/1714/970 1421/1762/1007 1530/1715/971
f 1422/1717/973 1426/2268/1119 1411/1718/974
f 1539/1719/975 1555/1913/1020 1418/1720/976
f 1549/1721/977 1425/1714/970 1531/1716/972
f 1563/1723/730 1412/1726/730 1769/1724/730
f 1412/1726/730 1411/2269/730 1771/1727/730
f 1774/1728/730 1539/1909/730 1409/1729/730
f 1777/1731/730 1447/2160/730 1448/1732/730
f 1493/1734/979 1430/1898/1116 1432/1735/980
f 1501/1736/981 1432/1735/980 1431/1737/982
f 1502/1738/983 1506/1783/1025 1781/1739/984
f 1526/1713/969 1414/1712/968 1477/1741/986
f 1470/1743/988 1474/1693/950 1436/1695/952
f 1486/1744/989 1490/2270/1071 1787/1745/990
f 1437/1747/992 1439/1750/995 1543/1748/993
f 1439/1750/995 1440/1752/997 1545/1751/996
f 1440/1752/997 1438/1757/1002 1547/1753/998
f 1441/1754/999 1443/1755/1000 1439/1750/995
f 1443/1755/1000 1444/1756/1001 1440/1752/997
f 1444/1756/1001 1442/1924/1137 1438/1757/1002
f 1566/1758/1003 1433/1701/958 1435/1700/957
f 1567/1759/1004 1435/1700/957 1436/1695/952
f 1569/1760/1005 1436/1695/952 1434/1694/951
f 1421/1762/1007 1423/1765/1010 1575/1763/1008
f 1423/1765/1010 1424/1767/1012 1577/1766/1011
f 1424/1767/1012 1422/1771/973 1579/1768/959
f 1425/1714/970 1427/1769/1013 1423/1765/1010
f 1427/1769/1013 1428/1770/1014 1424/1767/1012
f 1428/1770/1014 1426/1901/1119 1422/1771/973
f 1550/1772/1015 1417/1782/1024 1419/1773/1016
f 1551/1774/1017 1419/1773/1016 1420/1775/1018
f 1553/1776/1019 1420/1775/1018 1418/1777/976
f 1510/1779/1021 1417/1782/1024 1527/1780/1022
f 1510/1779/1021 1518/1798/1037 1419/1773/1016
f 1506/1783/1025 1498/2271/962 1764/1784/963
f 1478/1785/1026 1486/1744/989 1786/1746/991
f 1477/1741/986 1414/1712/968 1416/1787/1028
f 1787/1745/990 1490/2270/1071 1482/1789/1030
f 1489/1791/1032 1415/1796/1035 1413/1792/966
f 1494/1794/1033 1502/1738/983 1780/1740/985
f 1485/1788/1029 1416/1787/1028 1415/1796/1035
f 1522/1797/1036 1514/1817/954 1418/1777/976
f 1518/1798/1037 1522/1797/1036 1420/1775/1018
f 1792/1799/728 1446/1846/1078 1465/1800/1038
f 1518/1798/1037 1510/1779/1021 1512/1802/1040
f 1520/1803/1041 1512/1802/1040 1511/1804/1042
f 1511/1804/1042 1509/2224/1334 1517/1806/1044
f 1501/1736/981 1503/1814/1051 1495/1807/1045
f 1495/1807/1045 1503/1814/1051 1504/1808/1046
f 1496/1809/1047 1504/1808/1046 1502/1810/983
f 1522/1797/1036 1518/1798/1037 1520/1803/1041
f 1524/1811/1048 1520/1803/1041 1519/1805/1043
f 1519/1805/1043 1517/1806/1044 1521/1813/1050
f 1505/1690/947 1507/1821/1056 1503/1814/1051
f 1503/1814/1051 1507/1821/1056 1508/1815/1052
f 1504/1808/1046 1508/1815/1052 1506/1816/1025
f 1514/1817/954 1522/1797/1036 1524/1811/1048
f 1516/1818/1053 1524/1811/1048 1523/1812/1049
f 1515/1819/1054 1523/1812/1049 1521/1813/1050
f 1497/1692/949 1499/2272/1086 1507/1821/1056
f 1507/1821/1056 1499/2272/1086 1500/1822/1057
f 1508/1815/1052 1500/1822/1057 1498/1823/962
f 1470/1743/988 1462/1699/956 1464/1824/1058
f 1464/1824/1058 1463/1827/1061 1471/1826/1060
f 1463/1827/1061 1461/2188/1325 1469/1828/1062
f 1485/1788/1029 1487/1830/1064 1479/1829/1063
f 1487/1830/1064 1488/1837/1070 1480/1831/1065
f 1480/1831/1065 1488/1837/1070 1486/1832/989
f 1474/1693/950 1470/1743/988 1472/1825/1059
f 1472/1825/1059 1471/1826/1060 1475/1834/1067
f 1471/1826/1060 1469/1828/1062 1473/1835/1068
f 1489/1791/1032 1491/1836/1069 1487/1830/1064
f 1491/1836/1069 1492/1844/1076 1488/1837/1070
f 1488/1837/1070 1492/1844/1076 1490/1838/1071
f 1466/1839/1072 1474/1693/950 1476/1833/1066
f 1476/1833/1066 1475/1834/1067 1467/1841/1074
f 1475/1834/1067 1473/1835/1068 1465/1842/1038
f 1481/1793/965 1483/1843/1075 1491/1836/1069
f 1483/1843/1075 1484/1845/1077 1492/1844/1076
f 1484/1845/1077 1482/2273/1030 1490/1838/1071
f 1446/1846/1078 1448/1848/1079 1467/1847/1074
f 1448/1848/1079 1447/1850/1080 1468/1849/1073
f 1447/1850/1080 1445/2274/1340 1466/1851/1072
f 1450/1852/1081 1452/1854/1082 1483/1853/1075
f 1452/1854/1082 1451/1856/1083 1484/1855/1077
f 1451/1856/1083 1449/2203/1327 1482/1857/1030
f 1453/1858/1084 1498/1705/962 1500/1859/1057
f 1455/1860/1085 1500/1859/1057 1499/1861/1086
f 1456/1862/1087 1499/1861/1086 1497/1863/949
f 1457/1698/955 1514/1697/954 1516/1865/1053
f 1459/1866/1089 1516/1865/1053 1515/1867/1054
f 1460/1868/1090 1515/1867/1054 1513/1869/1055
f 1795/1733/730 1448/1732/730 1446/1871/730
f 1542/1749/994 1558/1899/1117 1532/1873/1092
f 1591/1874/1093 1592/1972/1169 1710/1875/1094
f 1532/1873/1092 1529/1889/1129 1441/1754/999
f 1530/1715/1096 1534/2275/1096 1535/1877/1097
f 1566/1758/1003 1582/2276/1145 1525/1878/1099
f 1715/1879/1100 1725/2144/1305 1722/1880/1101
f 1531/1882/1103 1535/2277/1103 1536/1883/1103
f 1529/1885/1104 1533/2278/1104 1534/1886/1105
f 1532/1873/1106 1536/2279/1106 1533/1888/1107
f 1587/1890/1108 1588/1971/1168 1698/1891/1109
f 1706/1893/1111 1703/2135/1296 1713/1894/1112
f 1528/1896/1114 1557/2280/1153 1541/1897/1115
f 1541/1897/1115 1557/2280/1153 1558/1899/1117
f 1428/1770/1014 1554/1902/1120 1556/1900/1118
f 1554/1902/1120 1553/1776/1019 1555/1778/1020
f 1427/1769/1013 1552/1903/1121 1554/1902/1120
f 1552/1903/1121 1551/1774/1017 1553/1776/1019
f 1425/1714/970 1549/1721/977 1552/1903/1121
f 1549/1721/977 1550/1772/1015 1551/1774/1017
f 1546/1904/1122 1548/1905/1123 1429/1691/948
f 1545/1751/996 1547/1753/998 1548/1905/1123
f 1544/1906/1124 1546/1904/1122 1431/1737/982
f 1543/1748/993 1545/1751/996 1546/1904/1122
f 1541/1897/1115 1544/1906/1124 1432/1735/980
f 1542/1749/994 1543/1748/993 1544/1906/1124
f 1771/1727/730 1411/2269/730 1540/1907/730
f 1797/1908/730 1540/1907/730 1539/1909/730
f 1417/1782/1024 1550/1772/1015 1559/1910/1125
f 1550/1772/1015 1549/1721/977 1560/1722/978
f 1411/1718/974 1426/2268/1119 1556/1911/1118
f 1540/1912/975 1556/1911/1118 1555/1913/1020
f 1691/1914/1126 1701/2141/1302 1697/1915/1127
f 1529/1889/1129 1581/1918/1131 1565/1917/1130
f 1581/1918/1131 1582/2276/1145 1566/1758/1003
f 1578/1919/1132 1580/1920/1133 1413/1792/966
f 1577/1766/1011 1579/1768/959 1580/1920/1133
f 1576/1921/1134 1578/1919/1132 1415/1796/1035
f 1575/1763/1008 1577/1766/1011 1578/1919/1132
f 1573/1922/1135 1576/1921/1134 1416/1787/1028
f 1574/1764/1009 1575/1763/1008 1576/1921/1134
f 1444/1756/1001 1570/1925/1138 1572/1923/1136
f 1570/1925/1138 1569/1760/1005 1571/1761/1006
f 1443/1755/1000 1568/1926/1139 1570/1925/1138
f 1568/1926/1139 1567/1759/1004 1569/1760/1005
f 1441/1754/999 1565/1917/1130 1568/1926/1139
f 1565/1917/1130 1566/1758/1003 1567/1759/1004
f 1410/1927/730 1564/1930/730 1799/1928/730
f 1564/1930/730 1563/1723/730 1768/1725/730
f 1530/1715/971 1421/1762/1007 1574/1764/1009
f 1583/1931/1140 1574/1764/1009 1573/1922/1135
f 1413/1710/966 1580/1933/1133 1564/1932/961
f 1580/1933/1133 1579/1702/959 1563/1704/961
f 1560/1934/978 1586/1938/1143 1585/1935/1141
f 1560/1934/978 1531/1882/972 1587/1937/1142
f 1532/1884/1092 1588/1939/1144 1587/1937/1142
f 1558/1936/1117 1585/1935/1141 1588/1939/1144
f 1582/1940/1145 1584/1944/967 1590/1941/1146
f 1526/1943/969 1591/1946/1149 1590/1941/1146
f 1526/1943/969 1525/1947/1099 1592/1945/1148
f 1582/1940/1145 1589/1942/1147 1592/1945/1148
f 1527/1948/1022 1594/1952/1152 1593/1949/1150
f 1527/1948/1022 1559/1954/1125 1595/1951/1151
f 1557/1953/1153 1596/1955/1154 1595/1951/1151
f 1557/1953/1153 1528/1950/1114 1593/1949/1150
f 1559/1954/1125 1598/1958/1157 1597/1956/1155
f 1559/1954/1125 1560/1934/978 1599/1957/1156
f 1558/1936/1117 1600/1959/1158 1599/1957/1156
f 1558/1936/1117 1557/1953/1153 1597/1956/1155
f 1529/1885/1129 1530/1887/971 1602/1960/1159
f 1583/1962/1140 1603/1964/1162 1602/1960/1159
f 1583/1962/1140 1581/1965/1131 1604/1963/1161
f 1581/1965/1131 1529/1885/1129 1601/1961/1160
f 1581/1965/1131 1583/1962/1140 1606/1966/1163
f 1584/1944/967 1607/1969/1166 1606/1966/1163
f 1584/1944/967 1582/1940/1145 1608/1968/1165
f 1581/1965/1131 1605/1967/1164 1608/1968/1165
f 1585/1970/1167 1695/1990/1187 1698/1891/1109
f 1592/1972/1169 1589/1997/1194 1707/1973/1170
f 1593/1974/1171 1719/2005/1202 1721/1975/1172
f 1598/1977/1174 1599/1998/1195 1736/1978/1175
f 1604/1980/1177 1601/2016/1213 1740/1981/1178
f 1607/1983/1180 1761/2013/1210 1751/1984/1181
f 1728/1986/1183 1737/2149/1310 1734/1987/1184
f 1586/1989/1186 1692/2137/1298 1695/1990/1187
f 1595/1991/1188 1596/1976/1173 1721/1975/1172
f 1739/1993/1190 1743/2154/1315 1749/1994/1191
f 1590/1996/1193 1704/2003/1200 1707/1973/1170
f 1599/1998/1195 1600/2011/1208 1733/1999/1196
f 1754/2000/1197 1752/2158/1319 1760/2001/1198
f 1591/1874/1093 1712/1876/1095 1704/2003/1200
f 1594/2004/1201 1716/2009/1206 1719/2005/1202
f 1603/2006/1203 1748/2015/1212 1742/2007/1204
f 1594/2004/1201 1595/1991/1188 1724/1992/1189
f 1597/2010/1207 1731/2014/1211 1733/1999/1196
f 1607/1983/1180 1608/2017/1214 1758/2012/1209
f 1598/1977/1174 1727/1979/1176 1731/2014/1211
f 1603/2006/1203 1604/1980/1177 1745/1982/1179
f 1602/2008/1205 1742/2007/1204 1740/1981/1178
f 1608/2017/1214 1605/2019/1216 1755/2018/1215
f 1606/1985/1182 1751/1984/1181 1755/2018/1215
f 1816/2020/1217 1496/1809/1047 1494/1794/1033
f 1527/1780/1022 1528/1896/1114 1820/2021/1218
f 1614/2022/1219 1622/2035/1219 1621/2023/740
f 1612/2025/1220 1620/2036/1220 1619/2026/738
f 1611/2028/738 1619/2281/738 1626/2029/1221
f 1617/2031/728 1625/2037/728 1624/2032/1222
f 1615/2034/799 1623/2038/799 1622/2035/1219
f 1613/2024/740 1621/2023/740 1620/2036/1220
f 1618/2030/1221 1626/2029/1221 1625/2037/728
f 1616/2033/1222 1624/2032/1222 1623/2038/799
f 1668/2039/1223 1639/2068/1236 1638/2040/1224
f 1620/2042/730 1621/2046/730 1628/2043/730
f 1622/2045/730 1629/2048/730 1628/2043/730
f 1622/2045/730 1623/2049/730 1630/2047/730
f 1623/2049/730 1624/2052/730 1631/2050/730
f 1625/2051/730 1632/2054/730 1631/2050/730
f 1626/2053/730 1633/2056/730 1632/2054/730
f 1626/2053/730 1619/2057/730 1634/2055/730
f 1620/2042/730 1627/2044/730 1634/2055/730
f 1674/2058/1226 1680/2061/1229 1641/2059/1227
f 1680/2061/1229 1686/2066/1234 1642/2062/1230
f 1631/2063/1231 1673/2083/1250 1667/2064/1232
f 1686/2066/1234 1655/2119/1238 1637/2067/1235
f 1668/2039/1223 1674/2058/1226 1640/2060/1228
f 1649/2069/1237 1636/2125/1286 1637/2070/1235
f 1662/2041/1225 1638/2040/1224 1635/2072/1239
f 1628/2074/1241 1629/2084/1251 1661/2075/1242
f 1627/2077/1244 1628/2074/1241 1643/2076/1243
f 1634/2079/1246 1656/2124/1252 1685/2080/1247
f 1632/2082/1249 1679/2087/1253 1673/2083/1250
f 1629/2084/1251 1630/2065/1233 1667/2064/1232
f 1634/2085/1246 1627/2077/1244 1650/2078/1245
f 1633/2081/1248 1685/2080/1247 1679/2087/1253
f 1649/2069/1237 1651/2089/1255 1648/2088/1254
f 1651/2089/1255 1652/2096/1262 1647/2090/1256
f 1647/2090/1256 1652/2096/1262 1653/2091/1257
f 1646/2092/1258 1653/2091/1257 1654/2093/1259
f 1645/2094/1260 1654/2093/1259 1650/2078/1245
f 1655/2071/1238 1657/2282/1285 1651/2089/1255
f 1651/2089/1255 1657/2282/1285 1658/2095/1261
f 1652/2096/1262 1658/2095/1261 1659/2097/1263
f 1653/2091/1257 1659/2097/1263 1660/2098/1264
f 1654/2093/1259 1660/2098/1264 1656/2086/1252
f 1644/2073/1240 1648/2088/1254 1666/2099/1265
f 1648/2088/1254 1647/2090/1256 1665/2100/1266
f 1665/2100/1266 1647/2090/1256 1646/2092/1258
f 1664/2101/1267 1646/2092/1258 1645/2094/1260
f 1663/2102/1268 1645/2094/1260 1643/2076/1243
f 1662/2041/1225 1666/2099/1265 1672/2103/1269
f 1666/2099/1265 1665/2100/1266 1671/2104/1270
f 1671/2104/1270 1665/2100/1266 1664/2101/1267
f 1670/2105/1271 1664/2101/1267 1663/2102/1268
f 1669/2106/1272 1663/2102/1268 1661/2075/1242
f 1674/2058/1226 1668/2039/1223 1672/2103/1269
f 1672/2103/1269 1671/2104/1270 1677/2108/1274
f 1671/2104/1270 1670/2105/1271 1676/2109/1275
f 1670/2105/1271 1669/2106/1272 1675/2110/1276
f 1669/2106/1272 1667/2064/1232 1673/2083/1250
f 1680/2061/1229 1674/2058/1226 1678/2107/1273
f 1684/2111/1277 1678/2107/1273 1677/2108/1274
f 1677/2108/1274 1676/2109/1275 1682/2113/1279
f 1676/2109/1275 1675/2110/1276 1681/2114/1280
f 1675/2110/1276 1673/2083/1250 1679/2087/1253
f 1686/2066/1234 1680/2061/1229 1684/2111/1277
f 1690/2115/1281 1684/2111/1277 1683/2112/1278
f 1683/2112/1278 1682/2113/1279 1688/2117/1283
f 1682/2113/1279 1681/2114/1280 1687/2118/1284
f 1681/2114/1280 1679/2087/1253 1685/2080/1247
f 1655/2119/1238 1686/2066/1234 1690/2115/1281
f 1657/2120/1285 1690/2115/1281 1689/2116/1282
f 1689/2116/1282 1688/2117/1283 1659/2122/1263
f 1688/2117/1283 1687/2118/1284 1660/2123/1264
f 1687/2118/1284 1685/2080/1247 1656/2124/1252
f 1644/2073/1240 1635/2072/1239 1636/2125/1286
f 1006/1270/737 1005/1265/737 1207/1267/737
f 1802/2126/1287 1480/1831/1065 1478/1785/1026
f 1804/2127/1288 1479/1829/1063 1480/1831/1065
f 1806/1742/987 1477/1741/986 1479/1829/1063
f 1709/1895/1113 1711/2129/1290 1708/2128/1289
f 1711/2129/1290 1710/1875/1094 1707/1973/1170
f 1718/1881/1102 1720/2131/1292 1717/2130/1291
f 1720/2131/1292 1719/2005/1202 1716/2009/1206
f 1697/1915/1127 1699/2133/1294 1696/2132/1293
f 1699/2133/1294 1698/1891/1109 1695/1990/1187
f 1706/1893/1111 1708/2128/1289 1705/2134/1295
f 1708/2128/1289 1707/1973/1170 1704/2003/1200
f 1694/1916/1128 1696/2132/1293 1693/2136/1297
f 1696/2132/1293 1695/1990/1187 1692/2137/1298
f 1757/2002/1199 1760/2001/1198 1762/2138/1299
f 1759/2139/1300 1762/2138/1299 1761/2013/1210
f 1692/2137/1298 1700/1892/1110 1702/2140/1301
f 1693/2136/1297 1702/2140/1301 1701/2141/1302
f 1700/1892/1110 1698/1891/1109 1699/2133/1294
f 1702/2140/1301 1699/2133/1294 1697/1915/1127
f 1712/1876/1095 1714/2142/1303 1705/2134/1295
f 1714/2142/1303 1713/1894/1112 1703/2135/1296
f 1712/1876/1095 1710/1875/1094 1711/2129/1290
f 1714/2142/1303 1711/2129/1290 1709/1895/1113
f 1716/2009/1206 1724/1992/1189 1726/2143/1304
f 1717/2130/1291 1726/2143/1304 1725/2144/1305
f 1724/1992/1189 1721/1975/1172 1723/2145/1306
f 1726/2143/1304 1723/2145/1306 1722/1880/1101
f 1721/1975/1172 1719/2005/1202 1720/2131/1292
f 1723/2145/1306 1720/2131/1292 1718/1881/1102
f 1727/1979/1176 1729/2147/1308 1732/2146/1307
f 1729/2147/1308 1728/1986/1183 1730/1988/1185
f 1727/1979/1176 1736/1978/1175 1738/2148/1309
f 1729/2147/1308 1738/2148/1309 1737/2149/1310
f 1736/1978/1175 1733/1999/1196 1735/2150/1311
f 1738/2148/1309 1735/2150/1311 1734/1987/1184
f 1733/1999/1196 1731/2014/1211 1732/2146/1307
f 1735/2150/1311 1732/2146/1307 1730/1988/1185
f 1742/2007/1204 1744/2152/1313 1741/2151/1312
f 1744/2152/1313 1743/2154/1315 1739/1993/1190
f 1748/2015/1212 1750/2153/1314 1744/2152/1313
f 1750/2153/1314 1749/1994/1191 1743/2154/1315
f 1748/2015/1212 1745/1982/1179 1747/2155/1316
f 1750/2153/1314 1747/2155/1316 1746/1995/1192
f 1745/1982/1179 1740/1981/1178 1741/2151/1312
f 1747/2155/1316 1741/2151/1312 1739/1993/1190
f 1751/1984/1181 1753/2157/1318 1756/2156/1317
f 1753/2157/1318 1752/2158/1319 1754/2000/1197
f 1761/2013/1210 1762/2138/1299 1753/2157/1318
f 1762/2138/1299 1760/2001/1198 1752/2158/1319
f 1758/2012/1209 1755/2018/1215 1756/2156/1317
f 1756/2156/1317 1754/2000/1197 1757/2002/1199
f 1586/1989/1186 1587/1890/1108 1700/1892/1110
f 1807/2159/730 1445/2162/730 1447/2160/730
f 1807/2159/730 1794/2182/730 1405/2161/730
f 1453/2163/1320 1455/2177/730 1809/2164/730
f 1812/2166/730 1459/2170/730 1460/2167/730
f 1814/2169/730 1457/2174/730 1459/2170/730
f 1813/2171/730 1454/2283/730 1406/2172/730
f 1457/2174/730 1814/2169/730 1775/1730/730
f 1814/2169/730 1813/2171/730 1776/2173/730
f 1456/2175/730 1454/2283/730 1813/2171/730
f 1813/2171/730 1814/2169/730 1812/2166/730
f 1455/2177/730 1456/2175/730 1811/2176/730
f 1811/2176/730 1812/2166/730 1810/2168/730
f 1458/2178/1321 1766/2179/730 1810/2168/730
f 1765/2165/730 1809/2164/730 1810/2168/730
f 1450/2180/730 1410/1927/730 1793/1929/730
f 1808/2181/730 1793/1929/730 1794/2182/730
f 1452/2183/730 1450/2180/730 1808/2181/730
f 1778/2184/730 1808/2181/730 1807/2159/730
f 1464/1824/1058 1462/1699/956 1805/2185/1322
f 1805/2185/1322 1806/1742/987 1804/2127/1288
f 1463/1827/1061 1464/1824/1058 1803/2186/1323
f 1801/2187/1324 1803/2186/1323 1804/2127/1288
f 1461/2188/1325 1463/1827/1061 1801/2187/1324
f 1784/2189/1326 1801/2187/1324 1802/2126/1287
f 1561/2190/730 1800/2193/730 1767/2191/730
f 1799/1928/730 1768/1725/730 1767/2191/730
f 1794/2182/730 1800/2193/730 1561/2190/730
f 1793/1929/730 1799/1928/730 1800/2193/730
f 1798/2194/730 1773/2197/730 1538/2195/730
f 1798/2194/730 1797/1908/730 1774/1728/730
f 1772/2198/730 1798/2194/730 1537/2196/730
f 1772/2198/730 1771/1727/730 1797/1908/730
f 1449/2200/1320 1451/2218/730 1796/2201/730
f 1796/2201/730 1795/1733/730 1792/1872/730
f 1449/2203/1327 1791/2205/728 1789/2204/1031
f 1791/2205/728 1792/1799/728 1790/1801/1039
f 1473/2206/1068 1788/2209/1328 1790/2207/1039
f 1788/2209/1328 1787/1745/990 1789/1790/1031
f 1461/2188/1325 1784/2189/1326 1785/2210/1329
f 1784/2189/1326 1783/1786/1027 1786/1746/991
f 1782/2212/1330 1763/2215/1331 1513/2213/1055
f 1781/1739/984 1764/1784/963 1763/2215/1331
f 1469/2211/1062 1785/2210/1329 1788/2209/1328
f 1785/2210/1329 1786/1746/991 1787/1745/990
f 1517/2216/1044 1779/2217/1332 1782/2212/1330
f 1779/2217/1332 1780/1740/985 1781/1739/984
f 1778/2184/730 1796/2201/730 1451/2218/730
f 1777/1731/730 1795/1733/730 1796/2201/730
f 1538/2195/730 1773/2197/730 1776/2173/730
f 1773/2197/730 1774/1728/730 1775/1730/730
f 1770/2219/730 1772/2198/730 1408/2199/730
f 1769/1724/730 1771/1727/730 1772/2198/730
f 1562/2192/730 1767/2191/730 1770/2219/730
f 1768/1725/730 1769/1724/730 1770/2219/730
f 1763/2221/1331 1766/2222/740 1458/1870/1091
f 1764/1707/963 1765/1706/740 1766/2222/740
f 1433/1701/958 1525/1878/1099 1805/2185/1322
f 1525/1878/1099 1526/1713/969 1806/1742/987
f 1610/2223/1333 1609/1795/1034 1780/1740/985
f 1509/2224/1334 1610/2223/1333 1779/2217/1332
f 1815/2225/1335 1816/2020/1217 1609/1795/1034
f 1509/2224/1334 1511/1804/1042 1815/2225/1335
f 1818/2226/1336 1495/1807/1045 1496/1809/1047
f 1817/2227/1337 1818/2226/1336 1816/2020/1217
f 1511/1804/1042 1512/1802/1040 1817/2227/1337
f 1820/2021/1218 1493/1734/979 1495/1807/1045
f 1819/1781/1023 1820/2021/1218 1818/2226/1336
f 1512/1802/1040 1510/1779/1021 1819/1781/1023
f 1528/1896/1114 1430/1898/1116 1493/1734/979
f 1307/2228/890 1303/2231/892 1311/2229/881
f 1287/1600/896 1291/1602/872 1303/2231/892
f 1284/2232/1338 1287/1600/896 1307/2228/890
f 1085/2234/773 1089/2284/765 1097/2235/764
f 1101/1383/777 1089/2284/765 1085/2234/773
f 1105/1381/785 1085/2234/773 1082/2237/791
f 1535/2285/1341 1533/2286/1341 1536/2287/1341
f 1535/2285/1341 1534/2288/1341 1533/2286/1341
